[0m02:53:02.164377 [debug] [MainThread]: Sending event: {'category': 'dbt', 'action': 'invocation', 'label': 'start', 'context': [<snowplow_tracker.self_describing_json.SelfDescribingJson object at 0x000002EE1F9FF440>, <snowplow_tracker.self_describing_json.SelfDescribingJson object at 0x000002EE1F9FE1B0>, <snowplow_tracker.self_describing_json.SelfDescribingJson object at 0x000002EE1F9FD8E0>]}


============================== 02:53:02.182885 | d1449b73-ba99-4b7e-bfb3-2262e4f3c03e ==============================
[0m02:53:02.182885 [info ] [MainThread]: Running with dbt=1.7.19
[0m02:53:02.184930 [debug] [MainThread]: running dbt with arguments {'printer_width': '80', 'indirect_selection': 'eager', 'log_cache_events': 'False', 'write_json': 'True', 'partial_parse': 'True', 'cache_selected_only': 'False', 'profiles_dir': 'C:\\Users\\tinch\\.dbt', 'debug': 'False', 'version_check': 'True', 'log_path': 'C:\\Users\\tinch\\OneDrive\\Escritorio\\HENRY\\M3\\M3ProyectoIntegrador\\logs', 'fail_fast': 'False', 'warn_error': 'None', 'use_colors': 'True', 'use_experimental_parser': 'False', 'no_print': 'None', 'quiet': 'False', 'warn_error_options': 'WarnErrorOptions(include=[], exclude=[])', 'invocation_command': 'dbt run', 'introspect': 'True', 'static_parser': 'True', 'target_path': 'None', 'log_format': 'default', 'send_anonymous_usage_stats': 'True'}
[0m02:53:03.074269 [debug] [MainThread]: Sending event: {'category': 'dbt', 'action': 'project_id', 'label': 'd1449b73-ba99-4b7e-bfb3-2262e4f3c03e', 'context': [<snowplow_tracker.self_describing_json.SelfDescribingJson object at 0x000002EE1FA26FF0>]}
[0m02:53:03.193168 [debug] [MainThread]: Sending event: {'category': 'dbt', 'action': 'adapter_info', 'label': 'd1449b73-ba99-4b7e-bfb3-2262e4f3c03e', 'context': [<snowplow_tracker.self_describing_json.SelfDescribingJson object at 0x000002EE1FCD4E60>]}
[0m02:53:03.205172 [info ] [MainThread]: Registered adapter: mysql=1.7.0
[0m02:53:03.224391 [debug] [MainThread]: checksum: a8d43cdff37d0f32d7fbe4c5c25bea4bb6c86e162f8ce8fdb1a38cdcf7495431, vars: {}, profile: , target: , version: 1.7.19
[0m02:53:03.227398 [info ] [MainThread]: Unable to do partial parsing because saved manifest not found. Starting full parse.
[0m02:53:03.228399 [debug] [MainThread]: Sending event: {'category': 'dbt', 'action': 'partial_parser', 'label': 'd1449b73-ba99-4b7e-bfb3-2262e4f3c03e', 'context': [<snowplow_tracker.self_describing_json.SelfDescribingJson object at 0x000002EE1F9CCBF0>]}
[0m02:53:05.093314 [debug] [MainThread]: Sending event: {'category': 'dbt', 'action': 'load_project', 'label': 'd1449b73-ba99-4b7e-bfb3-2262e4f3c03e', 'context': [<snowplow_tracker.self_describing_json.SelfDescribingJson object at 0x000002EE211346E0>]}
[0m02:53:05.115122 [debug] [MainThread]: Sending event: {'category': 'dbt', 'action': 'resource_counts', 'label': 'd1449b73-ba99-4b7e-bfb3-2262e4f3c03e', 'context': [<snowplow_tracker.self_describing_json.SelfDescribingJson object at 0x000002EE210C6300>]}
[0m02:53:05.116313 [info ] [MainThread]: Found 6 models, 5 tests, 2 sources, 0 exposures, 0 metrics, 376 macros, 0 groups, 0 semantic models
[0m02:53:05.117311 [debug] [MainThread]: Sending event: {'category': 'dbt', 'action': 'runnable_timing', 'label': 'd1449b73-ba99-4b7e-bfb3-2262e4f3c03e', 'context': [<snowplow_tracker.self_describing_json.SelfDescribingJson object at 0x000002EE1C5B8E60>]}
[0m02:53:05.121301 [info ] [MainThread]: 
[0m02:53:05.123304 [debug] [MainThread]: Acquiring new mysql connection 'master'
[0m02:53:05.127300 [debug] [ThreadPool]: Acquiring new mysql connection 'list_schemas'
[0m02:53:05.147479 [debug] [ThreadPool]: Using mysql connection "list_schemas"
[0m02:53:05.148478 [debug] [ThreadPool]: On list_schemas: /* {"app": "dbt", "dbt_version": "1.7.19", "profile_name": "my_dbt_profile", "target_name": "dev", "connection_name": "list_schemas"} */
select distinct schema_name
        from information_schema.schemata
[0m02:53:05.150675 [debug] [ThreadPool]: Opening a new connection, currently in state init
[0m02:53:07.949070 [debug] [ThreadPool]: SQL status: SUCCESS 5 in 3.0 seconds
[0m02:53:07.952065 [debug] [ThreadPool]: On list_schemas: Close
[0m02:53:07.958227 [debug] [ThreadPool]: Using mysql connection "list_schemas"
[0m02:53:07.959223 [debug] [ThreadPool]: On list_schemas: /* {"app": "dbt", "dbt_version": "1.7.19", "profile_name": "my_dbt_profile", "target_name": "dev", "connection_name": "list_schemas"} */
select distinct schema_name
        from information_schema.schemata
[0m02:53:07.959223 [debug] [ThreadPool]: Opening a new connection, currently in state closed
[0m02:53:09.497591 [debug] [ThreadPool]: SQL status: SUCCESS 5 in 2.0 seconds
[0m02:53:09.500596 [debug] [ThreadPool]: On list_schemas: Close
[0m02:53:09.504598 [debug] [ThreadPool]: Re-using an available connection from the pool (formerly list_schemas, now create__core)
[0m02:53:09.505597 [debug] [ThreadPool]: Creating schema "schema: "core"
"
[0m02:53:09.514594 [debug] [ThreadPool]: Using mysql connection "create__core"
[0m02:53:09.515599 [debug] [ThreadPool]: On create__core: BEGIN
[0m02:53:09.516597 [debug] [ThreadPool]: Opening a new connection, currently in state closed
[0m02:53:11.045851 [debug] [ThreadPool]: SQL status: SUCCESS 0 in 2.0 seconds
[0m02:53:11.046850 [debug] [ThreadPool]: Using mysql connection "create__core"
[0m02:53:11.047851 [debug] [ThreadPool]: On create__core: /* {"app": "dbt", "dbt_version": "1.7.19", "profile_name": "my_dbt_profile", "target_name": "dev", "connection_name": "create__core"} */
create schema if not exists `core`
[0m02:53:11.399798 [debug] [ThreadPool]: SQL status: SUCCESS 1 in 0.0 seconds
[0m02:53:11.401811 [debug] [ThreadPool]: On create__core: COMMIT
[0m02:53:11.402813 [debug] [ThreadPool]: Using mysql connection "create__core"
[0m02:53:11.403810 [debug] [ThreadPool]: On create__core: COMMIT
[0m02:53:11.736632 [debug] [ThreadPool]: SQL status: SUCCESS 0 in 0.0 seconds
[0m02:53:11.738640 [debug] [ThreadPool]: On create__core: Close
[0m02:53:11.742874 [debug] [ThreadPool]: Re-using an available connection from the pool (formerly create__core, now create__staging)
[0m02:53:11.744878 [debug] [ThreadPool]: Creating schema "schema: "staging"
"
[0m02:53:11.748872 [debug] [ThreadPool]: Using mysql connection "create__staging"
[0m02:53:11.748872 [debug] [ThreadPool]: On create__staging: BEGIN
[0m02:53:11.749873 [debug] [ThreadPool]: Opening a new connection, currently in state closed
[0m02:53:13.441032 [debug] [ThreadPool]: SQL status: SUCCESS 0 in 2.0 seconds
[0m02:53:13.442211 [debug] [ThreadPool]: Using mysql connection "create__staging"
[0m02:53:13.443203 [debug] [ThreadPool]: On create__staging: /* {"app": "dbt", "dbt_version": "1.7.19", "profile_name": "my_dbt_profile", "target_name": "dev", "connection_name": "create__staging"} */
create schema if not exists `staging`
[0m02:53:13.777675 [debug] [ThreadPool]: SQL status: SUCCESS 1 in 0.0 seconds
[0m02:53:13.779689 [debug] [ThreadPool]: On create__staging: COMMIT
[0m02:53:13.780690 [debug] [ThreadPool]: Using mysql connection "create__staging"
[0m02:53:13.781690 [debug] [ThreadPool]: On create__staging: COMMIT
[0m02:53:14.112795 [debug] [ThreadPool]: SQL status: SUCCESS 0 in 0.0 seconds
[0m02:53:14.112795 [debug] [ThreadPool]: On create__staging: Close
[0m02:53:14.117789 [debug] [ThreadPool]: Acquiring new mysql connection 'list_None_core'
[0m02:53:14.125786 [debug] [ThreadPool]: Using mysql connection "list_None_core"
[0m02:53:14.126786 [debug] [ThreadPool]: On list_None_core: BEGIN
[0m02:53:14.128060 [debug] [ThreadPool]: Opening a new connection, currently in state init
[0m02:53:15.657513 [debug] [ThreadPool]: SQL status: SUCCESS 0 in 2.0 seconds
[0m02:53:15.659512 [debug] [ThreadPool]: Using mysql connection "list_None_core"
[0m02:53:15.660511 [debug] [ThreadPool]: On list_None_core: /* {"app": "dbt", "dbt_version": "1.7.19", "profile_name": "my_dbt_profile", "target_name": "dev", "connection_name": "list_None_core"} */
select
      null as "database",
      table_name as name,
      table_schema as "schema",
      case when table_type = 'BASE TABLE' then 'table'
           when table_type = 'VIEW' then 'view'
           else table_type
      end as table_type
    from information_schema.tables
    where table_schema = 'core'
  
[0m02:53:15.997893 [debug] [ThreadPool]: SQL status: SUCCESS 0 in 0.0 seconds
[0m02:53:15.999891 [debug] [ThreadPool]: On list_None_core: ROLLBACK
[0m02:53:16.167753 [debug] [ThreadPool]: On list_None_core: Close
[0m02:53:16.169754 [debug] [ThreadPool]: Re-using an available connection from the pool (formerly list_None_core, now list_None_staging)
[0m02:53:16.172753 [debug] [ThreadPool]: Using mysql connection "list_None_staging"
[0m02:53:16.173757 [debug] [ThreadPool]: On list_None_staging: BEGIN
[0m02:53:16.174754 [debug] [ThreadPool]: Opening a new connection, currently in state closed
[0m02:53:17.692194 [debug] [ThreadPool]: SQL status: SUCCESS 0 in 2.0 seconds
[0m02:53:17.694595 [debug] [ThreadPool]: Using mysql connection "list_None_staging"
[0m02:53:17.694595 [debug] [ThreadPool]: On list_None_staging: /* {"app": "dbt", "dbt_version": "1.7.19", "profile_name": "my_dbt_profile", "target_name": "dev", "connection_name": "list_None_staging"} */
select
      null as "database",
      table_name as name,
      table_schema as "schema",
      case when table_type = 'BASE TABLE' then 'table'
           when table_type = 'VIEW' then 'view'
           else table_type
      end as table_type
    from information_schema.tables
    where table_schema = 'staging'
  
[0m02:53:18.032612 [debug] [ThreadPool]: SQL status: SUCCESS 0 in 0.0 seconds
[0m02:53:18.034616 [debug] [ThreadPool]: On list_None_staging: ROLLBACK
[0m02:53:18.201100 [debug] [ThreadPool]: On list_None_staging: Close
[0m02:53:18.203109 [debug] [MainThread]: Sending event: {'category': 'dbt', 'action': 'runnable_timing', 'label': 'd1449b73-ba99-4b7e-bfb3-2262e4f3c03e', 'context': [<snowplow_tracker.self_describing_json.SelfDescribingJson object at 0x000002EE20F59760>]}
[0m02:53:18.205108 [debug] [MainThread]: Using mysql connection "master"
[0m02:53:18.205108 [debug] [MainThread]: On master: BEGIN
[0m02:53:18.206108 [debug] [MainThread]: Opening a new connection, currently in state init
[0m02:53:19.859414 [debug] [MainThread]: SQL status: SUCCESS 0 in 2.0 seconds
[0m02:53:19.861369 [debug] [MainThread]: On master: COMMIT
[0m02:53:19.862370 [debug] [MainThread]: Using mysql connection "master"
[0m02:53:19.863371 [debug] [MainThread]: On master: COMMIT
[0m02:53:20.199534 [debug] [MainThread]: SQL status: SUCCESS 0 in 0.0 seconds
[0m02:53:20.200723 [debug] [MainThread]: On master: Close
[0m02:53:20.202709 [info ] [MainThread]: Concurrency: 1 threads (target='dev')
[0m02:53:20.203713 [info ] [MainThread]: 
[0m02:53:20.233958 [debug] [Thread-1 (]: Began running node model.my_dbt_project.stg_cotizaciones
[0m02:53:20.235950 [info ] [Thread-1 (]: 1 of 6 START sql view model staging.stg_cotizaciones ........................... [RUN]
[0m02:53:20.237950 [debug] [Thread-1 (]: Acquiring new mysql connection 'model.my_dbt_project.stg_cotizaciones'
[0m02:53:20.239944 [debug] [Thread-1 (]: Began compiling node model.my_dbt_project.stg_cotizaciones
[0m02:53:20.251958 [debug] [Thread-1 (]: Writing injected SQL for node "model.my_dbt_project.stg_cotizaciones"
[0m02:53:20.256953 [debug] [Thread-1 (]: Timing info for model.my_dbt_project.stg_cotizaciones (compile): 02:53:20.240944 => 02:53:20.255956
[0m02:53:20.257959 [debug] [Thread-1 (]: Began executing node model.my_dbt_project.stg_cotizaciones
[0m02:53:20.308196 [debug] [Thread-1 (]: Writing runtime sql for node "model.my_dbt_project.stg_cotizaciones"
[0m02:53:20.340078 [debug] [Thread-1 (]: Using mysql connection "model.my_dbt_project.stg_cotizaciones"
[0m02:53:20.341082 [debug] [Thread-1 (]: On model.my_dbt_project.stg_cotizaciones: BEGIN
[0m02:53:20.342078 [debug] [Thread-1 (]: Opening a new connection, currently in state init
[0m02:53:21.885729 [debug] [Thread-1 (]: SQL status: SUCCESS 0 in 2.0 seconds
[0m02:53:21.887725 [debug] [Thread-1 (]: Using mysql connection "model.my_dbt_project.stg_cotizaciones"
[0m02:53:21.888721 [debug] [Thread-1 (]: On model.my_dbt_project.stg_cotizaciones: /* {"app": "dbt", "dbt_version": "1.7.19", "profile_name": "my_dbt_profile", "target_name": "dev", "node_id": "model.my_dbt_project.stg_cotizaciones"} */

  create view `staging`.`stg_cotizaciones__dbt_tmp`
    
    
  as (
    -- models/stg_cotizacion.sql

with source as (
    select * from `raw`.`mysql_currency_raw`
),

casted as (

    select
        -- En MySQL se usa CAST. Si falla, devuelve NULL o error según el modo.
        cast(fecha as date) as fecha,
        cast(cotizacion_en_pesos as decimal(10,2)) as cotizacion_en_pesos
    from source_data

),

filtered as (

    select *
    from casted
    where fecha is not null
      and cotizacion_en_pesos is not null

)

select * from filtered
  );
[0m02:53:22.228258 [debug] [Thread-1 (]: mysql adapter: MySQL error: 1046 (3D000): No database selected
[0m02:53:22.230262 [debug] [Thread-1 (]: On model.my_dbt_project.stg_cotizaciones: ROLLBACK
[0m02:53:22.401209 [debug] [Thread-1 (]: Timing info for model.my_dbt_project.stg_cotizaciones (execute): 02:53:20.257959 => 02:53:22.399199
[0m02:53:22.402211 [debug] [Thread-1 (]: On model.my_dbt_project.stg_cotizaciones: Close
[0m02:53:22.930348 [debug] [Thread-1 (]: Database Error in model stg_cotizaciones (models\staging\stg_cotizaciones.sql)
  1046 (3D000): No database selected
  compiled Code at target\run\my_dbt_project\models\staging\stg_cotizaciones.sql
[0m02:53:22.931349 [debug] [Thread-1 (]: Sending event: {'category': 'dbt', 'action': 'run_model', 'label': 'd1449b73-ba99-4b7e-bfb3-2262e4f3c03e', 'context': [<snowplow_tracker.self_describing_json.SelfDescribingJson object at 0x000002EE1FD06B40>]}
[0m02:53:22.932350 [error] [Thread-1 (]: 1 of 6 ERROR creating sql view model staging.stg_cotizaciones .................. [[31mERROR[0m in 2.69s]
[0m02:53:22.935355 [debug] [Thread-1 (]: Finished running node model.my_dbt_project.stg_cotizaciones
[0m02:53:22.936352 [debug] [Thread-1 (]: Began running node model.my_dbt_project.stg_listings
[0m02:53:22.939350 [info ] [Thread-1 (]: 2 of 6 START sql view model staging.stg_listings ............................... [RUN]
[0m02:53:22.941359 [debug] [Thread-1 (]: Re-using an available connection from the pool (formerly model.my_dbt_project.stg_cotizaciones, now model.my_dbt_project.stg_listings)
[0m02:53:22.942352 [debug] [Thread-1 (]: Began compiling node model.my_dbt_project.stg_listings
[0m02:53:22.947349 [debug] [Thread-1 (]: Writing injected SQL for node "model.my_dbt_project.stg_listings"
[0m02:53:22.949356 [debug] [Thread-1 (]: Timing info for model.my_dbt_project.stg_listings (compile): 02:53:22.943351 => 02:53:22.948349
[0m02:53:22.950353 [debug] [Thread-1 (]: Began executing node model.my_dbt_project.stg_listings
[0m02:53:22.957354 [debug] [Thread-1 (]: Writing runtime sql for node "model.my_dbt_project.stg_listings"
[0m02:53:22.960364 [debug] [Thread-1 (]: Using mysql connection "model.my_dbt_project.stg_listings"
[0m02:53:22.961364 [debug] [Thread-1 (]: On model.my_dbt_project.stg_listings: BEGIN
[0m02:53:22.963357 [debug] [Thread-1 (]: Opening a new connection, currently in state closed
[0m02:53:25.587499 [debug] [Thread-1 (]: SQL status: SUCCESS 0 in 3.0 seconds
[0m02:53:25.588491 [debug] [Thread-1 (]: Using mysql connection "model.my_dbt_project.stg_listings"
[0m02:53:25.589496 [debug] [Thread-1 (]: On model.my_dbt_project.stg_listings: /* {"app": "dbt", "dbt_version": "1.7.19", "profile_name": "my_dbt_profile", "target_name": "dev", "node_id": "model.my_dbt_project.stg_listings"} */

  create view `staging`.`stg_listings__dbt_tmp`
    
    
  as (
    -- models/stg_listings.sql

with source as (
    select * from `raw`.`mysql_csv_raw`
),

casted as (
    select
        cast(id as unsigned) as listing_id,
        name,
        cast(host_id as unsigned) as host_id,
        host_name,
        neighbourhood_group,
        neighbourhood,
        cast(latitude as decimal(10,8)) as latitude,
        cast(longitude as decimal(11,8)) as longitude,
        room_type,
        cast(price as decimal(10,2)) as price,
        cast(minimum_nights as unsigned) as minimum_nights,
        cast(number_of_reviews as unsigned) as number_of_reviews,
        cast(last_review as date) as last_review,
        cast(reviews_per_month as decimal(10,2)) as reviews_per_month,
        cast(availability_365 as unsigned) as availability_365
    from source
    where last_review is not null 
      and last_review != '' -- Filtro extra por si vienen strings vacíos
)

select * from casted
  );
[0m02:53:25.939802 [debug] [Thread-1 (]: SQL status: SUCCESS 0 in 0.0 seconds
[0m02:53:25.951801 [debug] [Thread-1 (]: Using mysql connection "model.my_dbt_project.stg_listings"
[0m02:53:25.952803 [debug] [Thread-1 (]: On model.my_dbt_project.stg_listings: /* {"app": "dbt", "dbt_version": "1.7.19", "profile_name": "my_dbt_profile", "target_name": "dev", "node_id": "model.my_dbt_project.stg_listings"} */

    drop view if exists `staging`.`stg_listings` cascade
  
[0m02:53:26.289138 [debug] [Thread-1 (]: SQL status: SUCCESS 0 in 0.0 seconds
[0m02:53:26.291343 [debug] [Thread-1 (]: Using mysql connection "model.my_dbt_project.stg_listings"
[0m02:53:26.292344 [debug] [Thread-1 (]: On model.my_dbt_project.stg_listings: /* {"app": "dbt", "dbt_version": "1.7.19", "profile_name": "my_dbt_profile", "target_name": "dev", "node_id": "model.my_dbt_project.stg_listings"} */

    rename table `staging`.`stg_listings__dbt_tmp` to `staging`.`stg_listings`
  
[0m02:53:26.632458 [debug] [Thread-1 (]: SQL status: SUCCESS 0 in 0.0 seconds
[0m02:53:26.654468 [debug] [Thread-1 (]: On model.my_dbt_project.stg_listings: COMMIT
[0m02:53:26.655463 [debug] [Thread-1 (]: Using mysql connection "model.my_dbt_project.stg_listings"
[0m02:53:26.655463 [debug] [Thread-1 (]: On model.my_dbt_project.stg_listings: COMMIT
[0m02:53:26.985451 [debug] [Thread-1 (]: SQL status: SUCCESS 0 in 0.0 seconds
[0m02:53:26.998632 [debug] [Thread-1 (]: Using mysql connection "model.my_dbt_project.stg_listings"
[0m02:53:27.000645 [debug] [Thread-1 (]: On model.my_dbt_project.stg_listings: /* {"app": "dbt", "dbt_version": "1.7.19", "profile_name": "my_dbt_profile", "target_name": "dev", "node_id": "model.my_dbt_project.stg_listings"} */
drop view if exists `staging`.`stg_listings__dbt_backup`
[0m02:53:27.331352 [debug] [Thread-1 (]: SQL status: SUCCESS 0 in 0.0 seconds
[0m02:53:27.334347 [debug] [Thread-1 (]: Timing info for model.my_dbt_project.stg_listings (execute): 02:53:22.950353 => 02:53:27.333348
[0m02:53:27.335350 [debug] [Thread-1 (]: On model.my_dbt_project.stg_listings: Close
[0m02:53:27.337349 [debug] [Thread-1 (]: Sending event: {'category': 'dbt', 'action': 'run_model', 'label': 'd1449b73-ba99-4b7e-bfb3-2262e4f3c03e', 'context': [<snowplow_tracker.self_describing_json.SelfDescribingJson object at 0x000002EE211E77D0>]}
[0m02:53:27.338348 [info ] [Thread-1 (]: 2 of 6 OK created sql view model staging.stg_listings .......................... [[32mSUCCESS 0[0m in 4.39s]
[0m02:53:27.339350 [debug] [Thread-1 (]: Finished running node model.my_dbt_project.stg_listings
[0m02:53:27.340352 [debug] [Thread-1 (]: Began running node model.my_dbt_project.dim_cotizacion_dolar
[0m02:53:27.342500 [info ] [Thread-1 (]: 3 of 6 SKIP relation core.dim_cotizacion_dolar ................................. [[33mSKIP[0m]
[0m02:53:27.343499 [debug] [Thread-1 (]: Finished running node model.my_dbt_project.dim_cotizacion_dolar
[0m02:53:27.344503 [debug] [Thread-1 (]: Began running node model.my_dbt_project.dim_neighbourhoods
[0m02:53:27.346497 [info ] [Thread-1 (]: 4 of 6 START sql table model core.dim_neighbourhoods ........................... [RUN]
[0m02:53:27.348502 [debug] [Thread-1 (]: Re-using an available connection from the pool (formerly model.my_dbt_project.stg_listings, now model.my_dbt_project.dim_neighbourhoods)
[0m02:53:27.349500 [debug] [Thread-1 (]: Began compiling node model.my_dbt_project.dim_neighbourhoods
[0m02:53:27.355502 [debug] [Thread-1 (]: Writing injected SQL for node "model.my_dbt_project.dim_neighbourhoods"
[0m02:53:27.359510 [debug] [Thread-1 (]: Timing info for model.my_dbt_project.dim_neighbourhoods (compile): 02:53:27.351496 => 02:53:27.358500
[0m02:53:27.359510 [debug] [Thread-1 (]: Began executing node model.my_dbt_project.dim_neighbourhoods
[0m02:53:27.394901 [debug] [Thread-1 (]: Writing runtime sql for node "model.my_dbt_project.dim_neighbourhoods"
[0m02:53:27.397906 [debug] [Thread-1 (]: Using mysql connection "model.my_dbt_project.dim_neighbourhoods"
[0m02:53:27.398900 [debug] [Thread-1 (]: On model.my_dbt_project.dim_neighbourhoods: BEGIN
[0m02:53:27.398900 [debug] [Thread-1 (]: Opening a new connection, currently in state closed
[0m02:53:28.923832 [debug] [Thread-1 (]: SQL status: SUCCESS 0 in 2.0 seconds
[0m02:53:28.924834 [debug] [Thread-1 (]: Using mysql connection "model.my_dbt_project.dim_neighbourhoods"
[0m02:53:28.925836 [debug] [Thread-1 (]: On model.my_dbt_project.dim_neighbourhoods: /* {"app": "dbt", "dbt_version": "1.7.19", "profile_name": "my_dbt_profile", "target_name": "dev", "node_id": "model.my_dbt_project.dim_neighbourhoods"} */

  
    

  create  table
    `core`.`dim_neighbourhoods__dbt_tmp`
    
    
      as
    
    (
      

select distinct
    neighbourhood,
    neighbourhood_group
from `staging`.`stg_listings`
    )

  
[0m02:53:29.394860 [debug] [Thread-1 (]: SQL status: SUCCESS 218 in 0.0 seconds
[0m02:53:29.399848 [debug] [Thread-1 (]: Using mysql connection "model.my_dbt_project.dim_neighbourhoods"
[0m02:53:29.400847 [debug] [Thread-1 (]: On model.my_dbt_project.dim_neighbourhoods: /* {"app": "dbt", "dbt_version": "1.7.19", "profile_name": "my_dbt_profile", "target_name": "dev", "node_id": "model.my_dbt_project.dim_neighbourhoods"} */

    drop table if exists `core`.`dim_neighbourhoods` cascade
  
[0m02:53:29.734880 [debug] [Thread-1 (]: SQL status: SUCCESS 0 in 0.0 seconds
[0m02:53:29.736875 [debug] [Thread-1 (]: Using mysql connection "model.my_dbt_project.dim_neighbourhoods"
[0m02:53:29.737877 [debug] [Thread-1 (]: On model.my_dbt_project.dim_neighbourhoods: /* {"app": "dbt", "dbt_version": "1.7.19", "profile_name": "my_dbt_profile", "target_name": "dev", "node_id": "model.my_dbt_project.dim_neighbourhoods"} */

    rename table `core`.`dim_neighbourhoods__dbt_tmp` to `core`.`dim_neighbourhoods`
  
[0m02:53:30.081432 [debug] [Thread-1 (]: SQL status: SUCCESS 0 in 0.0 seconds
[0m02:53:30.090437 [debug] [Thread-1 (]: On model.my_dbt_project.dim_neighbourhoods: COMMIT
[0m02:53:30.091436 [debug] [Thread-1 (]: Using mysql connection "model.my_dbt_project.dim_neighbourhoods"
[0m02:53:30.091436 [debug] [Thread-1 (]: On model.my_dbt_project.dim_neighbourhoods: COMMIT
[0m02:53:30.422384 [debug] [Thread-1 (]: SQL status: SUCCESS 0 in 0.0 seconds
[0m02:53:30.428575 [debug] [Thread-1 (]: Using mysql connection "model.my_dbt_project.dim_neighbourhoods"
[0m02:53:30.429576 [debug] [Thread-1 (]: On model.my_dbt_project.dim_neighbourhoods: /* {"app": "dbt", "dbt_version": "1.7.19", "profile_name": "my_dbt_profile", "target_name": "dev", "node_id": "model.my_dbt_project.dim_neighbourhoods"} */
drop table if exists `core`.`dim_neighbourhoods__dbt_backup`
[0m02:53:30.763190 [debug] [Thread-1 (]: SQL status: SUCCESS 0 in 0.0 seconds
[0m02:53:30.766182 [debug] [Thread-1 (]: Timing info for model.my_dbt_project.dim_neighbourhoods (execute): 02:53:27.360505 => 02:53:30.765183
[0m02:53:30.766182 [debug] [Thread-1 (]: On model.my_dbt_project.dim_neighbourhoods: Close
[0m02:53:30.769187 [debug] [Thread-1 (]: Sending event: {'category': 'dbt', 'action': 'run_model', 'label': 'd1449b73-ba99-4b7e-bfb3-2262e4f3c03e', 'context': [<snowplow_tracker.self_describing_json.SelfDescribingJson object at 0x000002EE211B8920>]}
[0m02:53:30.770183 [info ] [Thread-1 (]: 4 of 6 OK created sql table model core.dim_neighbourhoods ...................... [[32mSUCCESS 218[0m in 3.42s]
[0m02:53:30.772185 [debug] [Thread-1 (]: Finished running node model.my_dbt_project.dim_neighbourhoods
[0m02:53:30.773182 [debug] [Thread-1 (]: Began running node model.my_dbt_project.dim_room_types
[0m02:53:30.774189 [info ] [Thread-1 (]: 5 of 6 START sql table model core.dim_room_types ............................... [RUN]
[0m02:53:30.776198 [debug] [Thread-1 (]: Re-using an available connection from the pool (formerly model.my_dbt_project.dim_neighbourhoods, now model.my_dbt_project.dim_room_types)
[0m02:53:30.777193 [debug] [Thread-1 (]: Began compiling node model.my_dbt_project.dim_room_types
[0m02:53:30.781356 [debug] [Thread-1 (]: Writing injected SQL for node "model.my_dbt_project.dim_room_types"
[0m02:53:30.804758 [debug] [Thread-1 (]: Timing info for model.my_dbt_project.dim_room_types (compile): 02:53:30.777193 => 02:53:30.804758
[0m02:53:30.805763 [debug] [Thread-1 (]: Began executing node model.my_dbt_project.dim_room_types
[0m02:53:30.811762 [debug] [Thread-1 (]: Writing runtime sql for node "model.my_dbt_project.dim_room_types"
[0m02:53:30.814510 [debug] [Thread-1 (]: Using mysql connection "model.my_dbt_project.dim_room_types"
[0m02:53:30.815512 [debug] [Thread-1 (]: On model.my_dbt_project.dim_room_types: BEGIN
[0m02:53:30.816505 [debug] [Thread-1 (]: Opening a new connection, currently in state closed
[0m02:53:32.535913 [debug] [Thread-1 (]: SQL status: SUCCESS 0 in 2.0 seconds
[0m02:53:32.536905 [debug] [Thread-1 (]: Using mysql connection "model.my_dbt_project.dim_room_types"
[0m02:53:32.538903 [debug] [Thread-1 (]: On model.my_dbt_project.dim_room_types: /* {"app": "dbt", "dbt_version": "1.7.19", "profile_name": "my_dbt_profile", "target_name": "dev", "node_id": "model.my_dbt_project.dim_room_types"} */

  
    

  create  table
    `core`.`dim_room_types__dbt_tmp`
    
    
      as
    
    (
      

select distinct
    room_type
from `staging`.`stg_listings`
    )

  
[0m02:53:32.969792 [debug] [Thread-1 (]: SQL status: SUCCESS 3 in 0.0 seconds
[0m02:53:32.976791 [debug] [Thread-1 (]: Using mysql connection "model.my_dbt_project.dim_room_types"
[0m02:53:32.977792 [debug] [Thread-1 (]: On model.my_dbt_project.dim_room_types: /* {"app": "dbt", "dbt_version": "1.7.19", "profile_name": "my_dbt_profile", "target_name": "dev", "node_id": "model.my_dbt_project.dim_room_types"} */

    drop table if exists `core`.`dim_room_types` cascade
  
[0m02:53:33.312207 [debug] [Thread-1 (]: SQL status: SUCCESS 0 in 0.0 seconds
[0m02:53:33.315206 [debug] [Thread-1 (]: Using mysql connection "model.my_dbt_project.dim_room_types"
[0m02:53:33.316425 [debug] [Thread-1 (]: On model.my_dbt_project.dim_room_types: /* {"app": "dbt", "dbt_version": "1.7.19", "profile_name": "my_dbt_profile", "target_name": "dev", "node_id": "model.my_dbt_project.dim_room_types"} */

    rename table `core`.`dim_room_types__dbt_tmp` to `core`.`dim_room_types`
  
[0m02:53:33.661818 [debug] [Thread-1 (]: SQL status: SUCCESS 0 in 0.0 seconds
[0m02:53:33.664816 [debug] [Thread-1 (]: On model.my_dbt_project.dim_room_types: COMMIT
[0m02:53:33.665970 [debug] [Thread-1 (]: Using mysql connection "model.my_dbt_project.dim_room_types"
[0m02:53:33.666973 [debug] [Thread-1 (]: On model.my_dbt_project.dim_room_types: COMMIT
[0m02:53:33.998609 [debug] [Thread-1 (]: SQL status: SUCCESS 0 in 0.0 seconds
[0m02:53:34.003758 [debug] [Thread-1 (]: Using mysql connection "model.my_dbt_project.dim_room_types"
[0m02:53:34.004753 [debug] [Thread-1 (]: On model.my_dbt_project.dim_room_types: /* {"app": "dbt", "dbt_version": "1.7.19", "profile_name": "my_dbt_profile", "target_name": "dev", "node_id": "model.my_dbt_project.dim_room_types"} */
drop table if exists `core`.`dim_room_types__dbt_backup`
[0m02:53:34.338909 [debug] [Thread-1 (]: SQL status: SUCCESS 0 in 0.0 seconds
[0m02:53:34.341916 [debug] [Thread-1 (]: Timing info for model.my_dbt_project.dim_room_types (execute): 02:53:30.806762 => 02:53:34.341916
[0m02:53:34.342910 [debug] [Thread-1 (]: On model.my_dbt_project.dim_room_types: Close
[0m02:53:34.344910 [debug] [Thread-1 (]: Sending event: {'category': 'dbt', 'action': 'run_model', 'label': 'd1449b73-ba99-4b7e-bfb3-2262e4f3c03e', 'context': [<snowplow_tracker.self_describing_json.SelfDescribingJson object at 0x000002EE2119F8C0>]}
[0m02:53:34.345911 [info ] [Thread-1 (]: 5 of 6 OK created sql table model core.dim_room_types .......................... [[32mSUCCESS 3[0m in 3.57s]
[0m02:53:34.347914 [debug] [Thread-1 (]: Finished running node model.my_dbt_project.dim_room_types
[0m02:53:34.348912 [debug] [Thread-1 (]: Began running node model.my_dbt_project.fact_listings
[0m02:53:34.349911 [info ] [Thread-1 (]: 6 of 6 START sql table model core.fact_listings ................................ [RUN]
[0m02:53:34.352087 [debug] [Thread-1 (]: Re-using an available connection from the pool (formerly model.my_dbt_project.dim_room_types, now model.my_dbt_project.fact_listings)
[0m02:53:34.353083 [debug] [Thread-1 (]: Began compiling node model.my_dbt_project.fact_listings
[0m02:53:34.361083 [debug] [Thread-1 (]: Writing injected SQL for node "model.my_dbt_project.fact_listings"
[0m02:53:34.363085 [debug] [Thread-1 (]: Timing info for model.my_dbt_project.fact_listings (compile): 02:53:34.354095 => 02:53:34.363085
[0m02:53:34.364086 [debug] [Thread-1 (]: Began executing node model.my_dbt_project.fact_listings
[0m02:53:34.370317 [debug] [Thread-1 (]: Writing runtime sql for node "model.my_dbt_project.fact_listings"
[0m02:53:34.373319 [debug] [Thread-1 (]: Using mysql connection "model.my_dbt_project.fact_listings"
[0m02:53:34.373319 [debug] [Thread-1 (]: On model.my_dbt_project.fact_listings: BEGIN
[0m02:53:34.374317 [debug] [Thread-1 (]: Opening a new connection, currently in state closed
[0m02:53:35.977170 [debug] [Thread-1 (]: SQL status: SUCCESS 0 in 2.0 seconds
[0m02:53:35.978165 [debug] [Thread-1 (]: Using mysql connection "model.my_dbt_project.fact_listings"
[0m02:53:35.979164 [debug] [Thread-1 (]: On model.my_dbt_project.fact_listings: /* {"app": "dbt", "dbt_version": "1.7.19", "profile_name": "my_dbt_profile", "target_name": "dev", "node_id": "model.my_dbt_project.fact_listings"} */

  
    

  create  table
    `core`.`fact_listings__dbt_tmp`
    
    
      as
    
    (
      

select
    listing_id,
    host_id,
    host_name,
    price,
    minimum_nights,
    number_of_reviews,
    last_review,
    availability_365,
    neighbourhood, -- Llave para unir con dim_neighbourhoods
    room_type      -- Llave para unir con dim_room_types
from `staging`.`stg_listings`
    )

  
[0m02:53:36.846056 [debug] [Thread-1 (]: SQL status: SUCCESS 38843 in 1.0 seconds
[0m02:53:36.853255 [debug] [Thread-1 (]: Using mysql connection "model.my_dbt_project.fact_listings"
[0m02:53:36.855253 [debug] [Thread-1 (]: On model.my_dbt_project.fact_listings: /* {"app": "dbt", "dbt_version": "1.7.19", "profile_name": "my_dbt_profile", "target_name": "dev", "node_id": "model.my_dbt_project.fact_listings"} */

    drop table if exists `core`.`fact_listings` cascade
  
[0m02:53:37.206129 [debug] [Thread-1 (]: SQL status: SUCCESS 0 in 0.0 seconds
[0m02:53:37.209129 [debug] [Thread-1 (]: Using mysql connection "model.my_dbt_project.fact_listings"
[0m02:53:37.210129 [debug] [Thread-1 (]: On model.my_dbt_project.fact_listings: /* {"app": "dbt", "dbt_version": "1.7.19", "profile_name": "my_dbt_profile", "target_name": "dev", "node_id": "model.my_dbt_project.fact_listings"} */

    rename table `core`.`fact_listings__dbt_tmp` to `core`.`fact_listings`
  
[0m02:53:37.576618 [debug] [Thread-1 (]: SQL status: SUCCESS 0 in 0.0 seconds
[0m02:53:37.580611 [debug] [Thread-1 (]: On model.my_dbt_project.fact_listings: COMMIT
[0m02:53:37.582613 [debug] [Thread-1 (]: Using mysql connection "model.my_dbt_project.fact_listings"
[0m02:53:37.583613 [debug] [Thread-1 (]: On model.my_dbt_project.fact_listings: COMMIT
[0m02:53:37.933415 [debug] [Thread-1 (]: SQL status: SUCCESS 0 in 0.0 seconds
[0m02:53:37.937652 [debug] [Thread-1 (]: Using mysql connection "model.my_dbt_project.fact_listings"
[0m02:53:37.938648 [debug] [Thread-1 (]: On model.my_dbt_project.fact_listings: /* {"app": "dbt", "dbt_version": "1.7.19", "profile_name": "my_dbt_profile", "target_name": "dev", "node_id": "model.my_dbt_project.fact_listings"} */
drop table if exists `core`.`fact_listings__dbt_backup`
[0m02:53:38.289516 [debug] [Thread-1 (]: SQL status: SUCCESS 0 in 0.0 seconds
[0m02:53:38.292513 [debug] [Thread-1 (]: Timing info for model.my_dbt_project.fact_listings (execute): 02:53:34.365082 => 02:53:38.291513
[0m02:53:38.292513 [debug] [Thread-1 (]: On model.my_dbt_project.fact_listings: Close
[0m02:53:38.294513 [debug] [Thread-1 (]: Sending event: {'category': 'dbt', 'action': 'run_model', 'label': 'd1449b73-ba99-4b7e-bfb3-2262e4f3c03e', 'context': [<snowplow_tracker.self_describing_json.SelfDescribingJson object at 0x000002EE20F7BC80>]}
[0m02:53:38.295515 [info ] [Thread-1 (]: 6 of 6 OK created sql table model core.fact_listings ........................... [[32mSUCCESS 38843[0m in 3.94s]
[0m02:53:38.297520 [debug] [Thread-1 (]: Finished running node model.my_dbt_project.fact_listings
[0m02:53:38.300522 [debug] [MainThread]: Using mysql connection "master"
[0m02:53:38.302521 [debug] [MainThread]: On master: BEGIN
[0m02:53:38.302521 [debug] [MainThread]: Opening a new connection, currently in state closed
[0m02:53:41.052215 [debug] [MainThread]: SQL status: SUCCESS 0 in 3.0 seconds
[0m02:53:41.053203 [debug] [MainThread]: On master: COMMIT
[0m02:53:41.054203 [debug] [MainThread]: Using mysql connection "master"
[0m02:53:41.054203 [debug] [MainThread]: On master: COMMIT
[0m02:53:41.391513 [debug] [MainThread]: SQL status: SUCCESS 0 in 0.0 seconds
[0m02:53:41.392514 [debug] [MainThread]: On master: Close
[0m02:53:41.394507 [debug] [MainThread]: Connection 'master' was properly closed.
[0m02:53:41.395506 [debug] [MainThread]: Connection 'create__staging' was properly closed.
[0m02:53:41.396516 [debug] [MainThread]: Connection 'list_None_staging' was properly closed.
[0m02:53:41.396516 [debug] [MainThread]: Connection 'model.my_dbt_project.fact_listings' was properly closed.
[0m02:53:41.397515 [info ] [MainThread]: 
[0m02:53:41.398512 [info ] [MainThread]: Finished running 2 view models, 1 incremental model, 3 table models in 0 hours 0 minutes and 36.28 seconds (36.28s).
[0m02:53:41.401512 [debug] [MainThread]: Command end result
[0m02:53:41.419688 [info ] [MainThread]: 
[0m02:53:41.422691 [info ] [MainThread]: [31mCompleted with 1 error and 0 warnings:[0m
[0m02:53:41.424700 [info ] [MainThread]: 
[0m02:53:41.426696 [error] [MainThread]:   Database Error in model stg_cotizaciones (models\staging\stg_cotizaciones.sql)
  1046 (3D000): No database selected
  compiled Code at target\run\my_dbt_project\models\staging\stg_cotizaciones.sql
[0m02:53:41.428691 [info ] [MainThread]: 
[0m02:53:41.429697 [info ] [MainThread]: Done. PASS=4 WARN=0 ERROR=1 SKIP=1 TOTAL=6
[0m02:53:41.432694 [debug] [MainThread]: Command `dbt run` failed at 02:53:41.431691 after 39.64 seconds
[0m02:53:41.433689 [debug] [MainThread]: Sending event: {'category': 'dbt', 'action': 'invocation', 'label': 'end', 'context': [<snowplow_tracker.self_describing_json.SelfDescribingJson object at 0x000002EE20F5B8F0>, <snowplow_tracker.self_describing_json.SelfDescribingJson object at 0x000002EE20EE4230>, <snowplow_tracker.self_describing_json.SelfDescribingJson object at 0x000002EE1F46C3B0>]}
[0m02:53:41.434690 [debug] [MainThread]: Flushing usage events
[0m02:58:25.335815 [debug] [MainThread]: Sending event: {'category': 'dbt', 'action': 'invocation', 'label': 'start', 'context': [<snowplow_tracker.self_describing_json.SelfDescribingJson object at 0x000001698FA7D190>, <snowplow_tracker.self_describing_json.SelfDescribingJson object at 0x000001698FA7D670>, <snowplow_tracker.self_describing_json.SelfDescribingJson object at 0x000001698FA7D550>]}


============================== 02:58:25.343815 | 3d2427ec-c5ad-4d93-89d9-8f3162588e39 ==============================
[0m02:58:25.343815 [info ] [MainThread]: Running with dbt=1.7.19
[0m02:58:25.345834 [debug] [MainThread]: running dbt with arguments {'printer_width': '80', 'indirect_selection': 'eager', 'write_json': 'True', 'log_cache_events': 'False', 'partial_parse': 'True', 'cache_selected_only': 'False', 'warn_error': 'None', 'fail_fast': 'False', 'debug': 'False', 'log_path': 'C:\\Users\\tinch\\OneDrive\\Escritorio\\HENRY\\M3\\M3ProyectoIntegrador\\logs', 'profiles_dir': 'C:\\Users\\tinch\\.dbt', 'version_check': 'True', 'use_colors': 'True', 'use_experimental_parser': 'False', 'no_print': 'None', 'quiet': 'False', 'log_format': 'default', 'invocation_command': 'dbt clean', 'warn_error_options': 'WarnErrorOptions(include=[], exclude=[])', 'static_parser': 'True', 'target_path': 'None', 'introspect': 'True', 'send_anonymous_usage_stats': 'True'}
[0m02:58:25.652775 [debug] [MainThread]: Sending event: {'category': 'dbt', 'action': 'project_id', 'label': '3d2427ec-c5ad-4d93-89d9-8f3162588e39', 'context': [<snowplow_tracker.self_describing_json.SelfDescribingJson object at 0x000001698FA7F110>]}
[0m02:58:25.691985 [debug] [MainThread]: Command `dbt clean` succeeded at 02:58:25.691985 after 0.70 seconds
[0m02:58:25.693989 [debug] [MainThread]: Sending event: {'category': 'dbt', 'action': 'invocation', 'label': 'end', 'context': [<snowplow_tracker.self_describing_json.SelfDescribingJson object at 0x000001698EDA3B30>, <snowplow_tracker.self_describing_json.SelfDescribingJson object at 0x000001698F463770>, <snowplow_tracker.self_describing_json.SelfDescribingJson object at 0x000001698FB45D90>]}
[0m02:58:25.694989 [debug] [MainThread]: Flushing usage events
[0m03:01:16.919852 [debug] [MainThread]: Sending event: {'category': 'dbt', 'action': 'invocation', 'label': 'start', 'context': [<snowplow_tracker.self_describing_json.SelfDescribingJson object at 0x000002478B919340>, <snowplow_tracker.self_describing_json.SelfDescribingJson object at 0x000002478B9191F0>, <snowplow_tracker.self_describing_json.SelfDescribingJson object at 0x000002478B9193A0>]}


============================== 03:01:16.927554 | 2b539ab9-f798-4670-b3ca-625d8c83b592 ==============================
[0m03:01:16.927554 [info ] [MainThread]: Running with dbt=1.7.19
[0m03:01:16.930552 [debug] [MainThread]: running dbt with arguments {'printer_width': '80', 'indirect_selection': 'eager', 'write_json': 'True', 'log_cache_events': 'False', 'partial_parse': 'True', 'cache_selected_only': 'False', 'profiles_dir': 'C:\\Users\\tinch\\.dbt', 'fail_fast': 'False', 'warn_error': 'None', 'log_path': 'C:\\Users\\tinch\\OneDrive\\Escritorio\\HENRY\\M3\\M3ProyectoIntegrador\\logs', 'debug': 'False', 'version_check': 'True', 'use_colors': 'True', 'use_experimental_parser': 'False', 'no_print': 'None', 'quiet': 'False', 'log_format': 'default', 'introspect': 'True', 'static_parser': 'True', 'invocation_command': 'dbt run', 'target_path': 'None', 'warn_error_options': 'WarnErrorOptions(include=[], exclude=[])', 'send_anonymous_usage_stats': 'True'}
[0m03:01:17.300858 [debug] [MainThread]: Sending event: {'category': 'dbt', 'action': 'project_id', 'label': '2b539ab9-f798-4670-b3ca-625d8c83b592', 'context': [<snowplow_tracker.self_describing_json.SelfDescribingJson object at 0x000002478B91ABD0>]}
[0m03:01:17.417111 [debug] [MainThread]: Sending event: {'category': 'dbt', 'action': 'adapter_info', 'label': '2b539ab9-f798-4670-b3ca-625d8c83b592', 'context': [<snowplow_tracker.self_describing_json.SelfDescribingJson object at 0x000002478B94FE00>]}
[0m03:01:17.419192 [info ] [MainThread]: Registered adapter: mysql=1.7.0
[0m03:01:17.441199 [debug] [MainThread]: checksum: a8d43cdff37d0f32d7fbe4c5c25bea4bb6c86e162f8ce8fdb1a38cdcf7495431, vars: {}, profile: , target: , version: 1.7.19
[0m03:01:17.444199 [info ] [MainThread]: Unable to do partial parsing because saved manifest not found. Starting full parse.
[0m03:01:17.445193 [debug] [MainThread]: Sending event: {'category': 'dbt', 'action': 'partial_parser', 'label': '2b539ab9-f798-4670-b3ca-625d8c83b592', 'context': [<snowplow_tracker.self_describing_json.SelfDescribingJson object at 0x000002478B91BFB0>]}
[0m03:01:19.223057 [debug] [MainThread]: Sending event: {'category': 'dbt', 'action': 'load_project', 'label': '2b539ab9-f798-4670-b3ca-625d8c83b592', 'context': [<snowplow_tracker.self_describing_json.SelfDescribingJson object at 0x000002478D05B440>]}
[0m03:01:19.245050 [debug] [MainThread]: Sending event: {'category': 'dbt', 'action': 'resource_counts', 'label': '2b539ab9-f798-4670-b3ca-625d8c83b592', 'context': [<snowplow_tracker.self_describing_json.SelfDescribingJson object at 0x000002478D175820>]}
[0m03:01:19.246058 [info ] [MainThread]: Found 6 models, 5 tests, 2 sources, 0 exposures, 0 metrics, 376 macros, 0 groups, 0 semantic models
[0m03:01:19.247057 [debug] [MainThread]: Sending event: {'category': 'dbt', 'action': 'runnable_timing', 'label': '2b539ab9-f798-4670-b3ca-625d8c83b592', 'context': [<snowplow_tracker.self_describing_json.SelfDescribingJson object at 0x000002478CEF0440>]}
[0m03:01:19.253035 [info ] [MainThread]: 
[0m03:01:19.254035 [debug] [MainThread]: Acquiring new mysql connection 'master'
[0m03:01:19.258039 [debug] [ThreadPool]: Acquiring new mysql connection 'list_schemas'
[0m03:01:19.279904 [debug] [ThreadPool]: Using mysql connection "list_schemas"
[0m03:01:19.280903 [debug] [ThreadPool]: On list_schemas: /* {"app": "dbt", "dbt_version": "1.7.19", "profile_name": "my_dbt_profile", "target_name": "dev", "connection_name": "list_schemas"} */
select distinct schema_name
        from information_schema.schemata
[0m03:01:19.281898 [debug] [ThreadPool]: Opening a new connection, currently in state init
[0m03:01:21.176355 [debug] [ThreadPool]: SQL status: SUCCESS 5 in 2.0 seconds
[0m03:01:21.178354 [debug] [ThreadPool]: On list_schemas: Close
[0m03:01:21.184354 [debug] [ThreadPool]: Using mysql connection "list_schemas"
[0m03:01:21.185354 [debug] [ThreadPool]: On list_schemas: /* {"app": "dbt", "dbt_version": "1.7.19", "profile_name": "my_dbt_profile", "target_name": "dev", "connection_name": "list_schemas"} */
select distinct schema_name
        from information_schema.schemata
[0m03:01:21.186361 [debug] [ThreadPool]: Opening a new connection, currently in state closed
[0m03:01:22.719042 [debug] [ThreadPool]: SQL status: SUCCESS 5 in 2.0 seconds
[0m03:01:22.721036 [debug] [ThreadPool]: On list_schemas: Close
[0m03:01:22.724039 [debug] [ThreadPool]: Re-using an available connection from the pool (formerly list_schemas, now create__staging)
[0m03:01:22.738039 [debug] [ThreadPool]: Creating schema "schema: "staging"
"
[0m03:01:22.748038 [debug] [ThreadPool]: Using mysql connection "create__staging"
[0m03:01:22.749039 [debug] [ThreadPool]: On create__staging: BEGIN
[0m03:01:22.750046 [debug] [ThreadPool]: Opening a new connection, currently in state closed
[0m03:01:24.296095 [debug] [ThreadPool]: SQL status: SUCCESS 0 in 2.0 seconds
[0m03:01:24.298095 [debug] [ThreadPool]: Using mysql connection "create__staging"
[0m03:01:24.299100 [debug] [ThreadPool]: On create__staging: /* {"app": "dbt", "dbt_version": "1.7.19", "profile_name": "my_dbt_profile", "target_name": "dev", "connection_name": "create__staging"} */
create schema if not exists `staging`
[0m03:01:24.654957 [debug] [ThreadPool]: SQL status: SUCCESS 1 in 0.0 seconds
[0m03:01:24.657958 [debug] [ThreadPool]: On create__staging: COMMIT
[0m03:01:24.658957 [debug] [ThreadPool]: Using mysql connection "create__staging"
[0m03:01:24.659962 [debug] [ThreadPool]: On create__staging: COMMIT
[0m03:01:24.994683 [debug] [ThreadPool]: SQL status: SUCCESS 0 in 0.0 seconds
[0m03:01:24.995688 [debug] [ThreadPool]: On create__staging: Close
[0m03:01:24.999687 [debug] [ThreadPool]: Re-using an available connection from the pool (formerly create__staging, now create__core)
[0m03:01:25.001693 [debug] [ThreadPool]: Creating schema "schema: "core"
"
[0m03:01:25.006681 [debug] [ThreadPool]: Using mysql connection "create__core"
[0m03:01:25.007689 [debug] [ThreadPool]: On create__core: BEGIN
[0m03:01:25.009688 [debug] [ThreadPool]: Opening a new connection, currently in state closed
[0m03:01:26.736605 [debug] [ThreadPool]: SQL status: SUCCESS 0 in 2.0 seconds
[0m03:01:26.737606 [debug] [ThreadPool]: Using mysql connection "create__core"
[0m03:01:26.739607 [debug] [ThreadPool]: On create__core: /* {"app": "dbt", "dbt_version": "1.7.19", "profile_name": "my_dbt_profile", "target_name": "dev", "connection_name": "create__core"} */
create schema if not exists `core`
[0m03:01:27.077047 [debug] [ThreadPool]: SQL status: SUCCESS 1 in 0.0 seconds
[0m03:01:27.080054 [debug] [ThreadPool]: On create__core: COMMIT
[0m03:01:27.081050 [debug] [ThreadPool]: Using mysql connection "create__core"
[0m03:01:27.082052 [debug] [ThreadPool]: On create__core: COMMIT
[0m03:01:27.416064 [debug] [ThreadPool]: SQL status: SUCCESS 0 in 0.0 seconds
[0m03:01:27.418064 [debug] [ThreadPool]: On create__core: Close
[0m03:01:27.424066 [debug] [ThreadPool]: Acquiring new mysql connection 'list_None_staging'
[0m03:01:27.434067 [debug] [ThreadPool]: Using mysql connection "list_None_staging"
[0m03:01:27.435071 [debug] [ThreadPool]: On list_None_staging: BEGIN
[0m03:01:27.436063 [debug] [ThreadPool]: Opening a new connection, currently in state init
[0m03:01:28.977503 [debug] [ThreadPool]: SQL status: SUCCESS 0 in 2.0 seconds
[0m03:01:28.978504 [debug] [ThreadPool]: Using mysql connection "list_None_staging"
[0m03:01:28.979503 [debug] [ThreadPool]: On list_None_staging: /* {"app": "dbt", "dbt_version": "1.7.19", "profile_name": "my_dbt_profile", "target_name": "dev", "connection_name": "list_None_staging"} */
select
      null as "database",
      table_name as name,
      table_schema as "schema",
      case when table_type = 'BASE TABLE' then 'table'
           when table_type = 'VIEW' then 'view'
           else table_type
      end as table_type
    from information_schema.tables
    where table_schema = 'staging'
  
[0m03:01:29.314949 [debug] [ThreadPool]: SQL status: SUCCESS 0 in 0.0 seconds
[0m03:01:29.317956 [debug] [ThreadPool]: On list_None_staging: ROLLBACK
[0m03:01:29.484940 [debug] [ThreadPool]: On list_None_staging: Close
[0m03:01:29.487938 [debug] [ThreadPool]: Re-using an available connection from the pool (formerly list_None_staging, now list_None_core)
[0m03:01:29.491938 [debug] [ThreadPool]: Using mysql connection "list_None_core"
[0m03:01:29.492939 [debug] [ThreadPool]: On list_None_core: BEGIN
[0m03:01:29.493939 [debug] [ThreadPool]: Opening a new connection, currently in state closed
[0m03:01:31.088990 [debug] [ThreadPool]: SQL status: SUCCESS 0 in 2.0 seconds
[0m03:01:31.090992 [debug] [ThreadPool]: Using mysql connection "list_None_core"
[0m03:01:31.091991 [debug] [ThreadPool]: On list_None_core: /* {"app": "dbt", "dbt_version": "1.7.19", "profile_name": "my_dbt_profile", "target_name": "dev", "connection_name": "list_None_core"} */
select
      null as "database",
      table_name as name,
      table_schema as "schema",
      case when table_type = 'BASE TABLE' then 'table'
           when table_type = 'VIEW' then 'view'
           else table_type
      end as table_type
    from information_schema.tables
    where table_schema = 'core'
  
[0m03:01:31.441086 [debug] [ThreadPool]: SQL status: SUCCESS 0 in 0.0 seconds
[0m03:01:31.445089 [debug] [ThreadPool]: On list_None_core: ROLLBACK
[0m03:01:31.616235 [debug] [ThreadPool]: On list_None_core: Close
[0m03:01:31.618074 [debug] [MainThread]: Sending event: {'category': 'dbt', 'action': 'runnable_timing', 'label': '2b539ab9-f798-4670-b3ca-625d8c83b592', 'context': [<snowplow_tracker.self_describing_json.SelfDescribingJson object at 0x000002478D177BF0>]}
[0m03:01:31.620075 [debug] [MainThread]: Using mysql connection "master"
[0m03:01:31.621072 [debug] [MainThread]: On master: BEGIN
[0m03:01:31.622075 [debug] [MainThread]: Opening a new connection, currently in state init
[0m03:01:34.362537 [debug] [MainThread]: SQL status: SUCCESS 0 in 3.0 seconds
[0m03:01:34.363553 [debug] [MainThread]: On master: COMMIT
[0m03:01:34.365936 [debug] [MainThread]: Using mysql connection "master"
[0m03:01:34.365936 [debug] [MainThread]: On master: COMMIT
[0m03:01:34.701581 [debug] [MainThread]: SQL status: SUCCESS 0 in 0.0 seconds
[0m03:01:34.709889 [debug] [MainThread]: On master: Close
[0m03:01:34.711897 [info ] [MainThread]: Concurrency: 1 threads (target='dev')
[0m03:01:34.712898 [info ] [MainThread]: 
[0m03:01:34.719832 [debug] [Thread-1 (]: Began running node model.my_dbt_project.stg_cotizaciones
[0m03:01:34.720828 [info ] [Thread-1 (]: 1 of 6 START sql view model staging.stg_cotizaciones ........................... [RUN]
[0m03:01:34.721831 [debug] [Thread-1 (]: Acquiring new mysql connection 'model.my_dbt_project.stg_cotizaciones'
[0m03:01:34.723828 [debug] [Thread-1 (]: Began compiling node model.my_dbt_project.stg_cotizaciones
[0m03:01:34.733840 [debug] [Thread-1 (]: Writing injected SQL for node "model.my_dbt_project.stg_cotizaciones"
[0m03:01:34.739839 [debug] [Thread-1 (]: Timing info for model.my_dbt_project.stg_cotizaciones (compile): 03:01:34.723828 => 03:01:34.738841
[0m03:01:34.740840 [debug] [Thread-1 (]: Began executing node model.my_dbt_project.stg_cotizaciones
[0m03:01:34.795543 [debug] [Thread-1 (]: Writing runtime sql for node "model.my_dbt_project.stg_cotizaciones"
[0m03:01:34.799787 [debug] [Thread-1 (]: Using mysql connection "model.my_dbt_project.stg_cotizaciones"
[0m03:01:34.801795 [debug] [Thread-1 (]: On model.my_dbt_project.stg_cotizaciones: BEGIN
[0m03:01:34.802796 [debug] [Thread-1 (]: Opening a new connection, currently in state init
[0m03:01:36.339210 [debug] [Thread-1 (]: SQL status: SUCCESS 0 in 2.0 seconds
[0m03:01:36.340199 [debug] [Thread-1 (]: Using mysql connection "model.my_dbt_project.stg_cotizaciones"
[0m03:01:36.342202 [debug] [Thread-1 (]: On model.my_dbt_project.stg_cotizaciones: /* {"app": "dbt", "dbt_version": "1.7.19", "profile_name": "my_dbt_profile", "target_name": "dev", "node_id": "model.my_dbt_project.stg_cotizaciones"} */

  create view `staging`.`stg_cotizaciones__dbt_tmp`
    
    
  as (
    -- models/stg_cotizacion.sql

with source as (
    select * from `raw`.`mysql_currency_raw`
),

casted as (

    select
        -- En MySQL se usa CAST. Si falla, devuelve NULL o error según el modo.
        cast(fecha as date) as fecha,
        cast(cotizacion_en_pesos as decimal(10,2)) as cotizacion_en_pesos
    from source

),

filtered as (

    select *
    from casted
    where fecha is not null
      and cotizacion_en_pesos is not null

)

select * from filtered
  );
[0m03:01:36.690199 [debug] [Thread-1 (]: SQL status: SUCCESS 0 in 0.0 seconds
[0m03:01:36.703197 [debug] [Thread-1 (]: Using mysql connection "model.my_dbt_project.stg_cotizaciones"
[0m03:01:36.705202 [debug] [Thread-1 (]: On model.my_dbt_project.stg_cotizaciones: /* {"app": "dbt", "dbt_version": "1.7.19", "profile_name": "my_dbt_profile", "target_name": "dev", "node_id": "model.my_dbt_project.stg_cotizaciones"} */

    drop view if exists `staging`.`stg_cotizaciones` cascade
  
[0m03:01:37.039683 [debug] [Thread-1 (]: SQL status: SUCCESS 0 in 0.0 seconds
[0m03:01:37.041680 [debug] [Thread-1 (]: Using mysql connection "model.my_dbt_project.stg_cotizaciones"
[0m03:01:37.042680 [debug] [Thread-1 (]: On model.my_dbt_project.stg_cotizaciones: /* {"app": "dbt", "dbt_version": "1.7.19", "profile_name": "my_dbt_profile", "target_name": "dev", "node_id": "model.my_dbt_project.stg_cotizaciones"} */

    rename table `staging`.`stg_cotizaciones__dbt_tmp` to `staging`.`stg_cotizaciones`
  
[0m03:01:37.381926 [debug] [Thread-1 (]: SQL status: SUCCESS 0 in 0.0 seconds
[0m03:01:37.407851 [debug] [Thread-1 (]: On model.my_dbt_project.stg_cotizaciones: COMMIT
[0m03:01:37.408847 [debug] [Thread-1 (]: Using mysql connection "model.my_dbt_project.stg_cotizaciones"
[0m03:01:37.408847 [debug] [Thread-1 (]: On model.my_dbt_project.stg_cotizaciones: COMMIT
[0m03:01:37.741898 [debug] [Thread-1 (]: SQL status: SUCCESS 0 in 0.0 seconds
[0m03:01:37.753610 [debug] [Thread-1 (]: Using mysql connection "model.my_dbt_project.stg_cotizaciones"
[0m03:01:37.754606 [debug] [Thread-1 (]: On model.my_dbt_project.stg_cotizaciones: /* {"app": "dbt", "dbt_version": "1.7.19", "profile_name": "my_dbt_profile", "target_name": "dev", "node_id": "model.my_dbt_project.stg_cotizaciones"} */
drop view if exists `staging`.`stg_cotizaciones__dbt_backup`
[0m03:01:38.089398 [debug] [Thread-1 (]: SQL status: SUCCESS 0 in 0.0 seconds
[0m03:01:38.093405 [debug] [Thread-1 (]: Timing info for model.my_dbt_project.stg_cotizaciones (execute): 03:01:34.740840 => 03:01:38.092396
[0m03:01:38.094397 [debug] [Thread-1 (]: On model.my_dbt_project.stg_cotizaciones: Close
[0m03:01:38.096397 [debug] [Thread-1 (]: Sending event: {'category': 'dbt', 'action': 'run_model', 'label': '2b539ab9-f798-4670-b3ca-625d8c83b592', 'context': [<snowplow_tracker.self_describing_json.SelfDescribingJson object at 0x000002478D1C56D0>]}
[0m03:01:38.097491 [info ] [Thread-1 (]: 1 of 6 OK created sql view model staging.stg_cotizaciones ...................... [[32mSUCCESS 0[0m in 3.37s]
[0m03:01:38.100407 [debug] [Thread-1 (]: Finished running node model.my_dbt_project.stg_cotizaciones
[0m03:01:38.101395 [debug] [Thread-1 (]: Began running node model.my_dbt_project.stg_listings
[0m03:01:38.103406 [info ] [Thread-1 (]: 2 of 6 START sql view model staging.stg_listings ............................... [RUN]
[0m03:01:38.106412 [debug] [Thread-1 (]: Re-using an available connection from the pool (formerly model.my_dbt_project.stg_cotizaciones, now model.my_dbt_project.stg_listings)
[0m03:01:38.107401 [debug] [Thread-1 (]: Began compiling node model.my_dbt_project.stg_listings
[0m03:01:38.113405 [debug] [Thread-1 (]: Writing injected SQL for node "model.my_dbt_project.stg_listings"
[0m03:01:38.116400 [debug] [Thread-1 (]: Timing info for model.my_dbt_project.stg_listings (compile): 03:01:38.109399 => 03:01:38.115404
[0m03:01:38.117395 [debug] [Thread-1 (]: Began executing node model.my_dbt_project.stg_listings
[0m03:01:38.127398 [debug] [Thread-1 (]: Writing runtime sql for node "model.my_dbt_project.stg_listings"
[0m03:01:38.130401 [debug] [Thread-1 (]: Using mysql connection "model.my_dbt_project.stg_listings"
[0m03:01:38.131401 [debug] [Thread-1 (]: On model.my_dbt_project.stg_listings: BEGIN
[0m03:01:38.132396 [debug] [Thread-1 (]: Opening a new connection, currently in state closed
[0m03:01:39.763392 [debug] [Thread-1 (]: SQL status: SUCCESS 0 in 2.0 seconds
[0m03:01:39.764478 [debug] [Thread-1 (]: Using mysql connection "model.my_dbt_project.stg_listings"
[0m03:01:39.766214 [debug] [Thread-1 (]: On model.my_dbt_project.stg_listings: /* {"app": "dbt", "dbt_version": "1.7.19", "profile_name": "my_dbt_profile", "target_name": "dev", "node_id": "model.my_dbt_project.stg_listings"} */

  create view `staging`.`stg_listings__dbt_tmp`
    
    
  as (
    -- models/stg_listings.sql

with source as (
    select * from `raw`.`mysql_csv_raw`
),

casted as (
    select
        cast(id as unsigned) as listing_id,
        name,
        cast(host_id as unsigned) as host_id,
        host_name,
        neighbourhood_group,
        neighbourhood,
        cast(latitude as decimal(10,8)) as latitude,
        cast(longitude as decimal(11,8)) as longitude,
        room_type,
        cast(price as decimal(10,2)) as price,
        cast(minimum_nights as unsigned) as minimum_nights,
        cast(number_of_reviews as unsigned) as number_of_reviews,
        cast(last_review as date) as last_review,
        cast(reviews_per_month as decimal(10,2)) as reviews_per_month,
        cast(availability_365 as unsigned) as availability_365
    from source
    where last_review is not null 
      and last_review != '' -- Filtro extra por si vienen strings vacíos
)

select * from casted
  );
[0m03:01:40.108846 [debug] [Thread-1 (]: SQL status: SUCCESS 0 in 0.0 seconds
[0m03:01:40.114844 [debug] [Thread-1 (]: Using mysql connection "model.my_dbt_project.stg_listings"
[0m03:01:40.115847 [debug] [Thread-1 (]: On model.my_dbt_project.stg_listings: /* {"app": "dbt", "dbt_version": "1.7.19", "profile_name": "my_dbt_profile", "target_name": "dev", "node_id": "model.my_dbt_project.stg_listings"} */

    drop view if exists `staging`.`stg_listings` cascade
  
[0m03:01:40.448464 [debug] [Thread-1 (]: SQL status: SUCCESS 0 in 0.0 seconds
[0m03:01:40.450471 [debug] [Thread-1 (]: Using mysql connection "model.my_dbt_project.stg_listings"
[0m03:01:40.451679 [debug] [Thread-1 (]: On model.my_dbt_project.stg_listings: /* {"app": "dbt", "dbt_version": "1.7.19", "profile_name": "my_dbt_profile", "target_name": "dev", "node_id": "model.my_dbt_project.stg_listings"} */

    rename table `staging`.`stg_listings__dbt_tmp` to `staging`.`stg_listings`
  
[0m03:01:40.788557 [debug] [Thread-1 (]: SQL status: SUCCESS 0 in 0.0 seconds
[0m03:01:40.791555 [debug] [Thread-1 (]: On model.my_dbt_project.stg_listings: COMMIT
[0m03:01:40.792555 [debug] [Thread-1 (]: Using mysql connection "model.my_dbt_project.stg_listings"
[0m03:01:40.792555 [debug] [Thread-1 (]: On model.my_dbt_project.stg_listings: COMMIT
[0m03:01:41.126757 [debug] [Thread-1 (]: SQL status: SUCCESS 0 in 0.0 seconds
[0m03:01:41.131759 [debug] [Thread-1 (]: Using mysql connection "model.my_dbt_project.stg_listings"
[0m03:01:41.132753 [debug] [Thread-1 (]: On model.my_dbt_project.stg_listings: /* {"app": "dbt", "dbt_version": "1.7.19", "profile_name": "my_dbt_profile", "target_name": "dev", "node_id": "model.my_dbt_project.stg_listings"} */
drop view if exists `staging`.`stg_listings__dbt_backup`
[0m03:01:41.465779 [debug] [Thread-1 (]: SQL status: SUCCESS 0 in 0.0 seconds
[0m03:01:41.468722 [debug] [Thread-1 (]: Timing info for model.my_dbt_project.stg_listings (execute): 03:01:38.118396 => 03:01:41.468722
[0m03:01:41.469722 [debug] [Thread-1 (]: On model.my_dbt_project.stg_listings: Close
[0m03:01:41.471869 [debug] [Thread-1 (]: Sending event: {'category': 'dbt', 'action': 'run_model', 'label': '2b539ab9-f798-4670-b3ca-625d8c83b592', 'context': [<snowplow_tracker.self_describing_json.SelfDescribingJson object at 0x000002478D1C6120>]}
[0m03:01:41.473724 [info ] [Thread-1 (]: 2 of 6 OK created sql view model staging.stg_listings .......................... [[32mSUCCESS 0[0m in 3.37s]
[0m03:01:41.475724 [debug] [Thread-1 (]: Finished running node model.my_dbt_project.stg_listings
[0m03:01:41.476726 [debug] [Thread-1 (]: Began running node model.my_dbt_project.dim_cotizacion_dolar
[0m03:01:41.478725 [info ] [Thread-1 (]: 3 of 6 START sql incremental model core.dim_cotizacion_dolar ................... [RUN]
[0m03:01:41.480735 [debug] [Thread-1 (]: Re-using an available connection from the pool (formerly model.my_dbt_project.stg_listings, now model.my_dbt_project.dim_cotizacion_dolar)
[0m03:01:41.481726 [debug] [Thread-1 (]: Began compiling node model.my_dbt_project.dim_cotizacion_dolar
[0m03:01:41.489723 [debug] [Thread-1 (]: Writing injected SQL for node "model.my_dbt_project.dim_cotizacion_dolar"
[0m03:01:41.493729 [debug] [Thread-1 (]: Timing info for model.my_dbt_project.dim_cotizacion_dolar (compile): 03:01:41.482729 => 03:01:41.493729
[0m03:01:41.495727 [debug] [Thread-1 (]: Began executing node model.my_dbt_project.dim_cotizacion_dolar
[0m03:01:41.534512 [debug] [Thread-1 (]: Writing runtime sql for node "model.my_dbt_project.dim_cotizacion_dolar"
[0m03:01:41.536514 [debug] [Thread-1 (]: Using mysql connection "model.my_dbt_project.dim_cotizacion_dolar"
[0m03:01:41.537513 [debug] [Thread-1 (]: On model.my_dbt_project.dim_cotizacion_dolar: BEGIN
[0m03:01:41.538510 [debug] [Thread-1 (]: Opening a new connection, currently in state closed
[0m03:01:43.065435 [debug] [Thread-1 (]: SQL status: SUCCESS 0 in 2.0 seconds
[0m03:01:43.067453 [debug] [Thread-1 (]: Using mysql connection "model.my_dbt_project.dim_cotizacion_dolar"
[0m03:01:43.068443 [debug] [Thread-1 (]: On model.my_dbt_project.dim_cotizacion_dolar: /* {"app": "dbt", "dbt_version": "1.7.19", "profile_name": "my_dbt_profile", "target_name": "dev", "node_id": "model.my_dbt_project.dim_cotizacion_dolar"} */

      
  
    

  create  table
    `core`.`dim_cotizacion_dolar`
    
    
      as
    
    (
      

select 
    fecha,
    cotizacion_en_pesos
from `staging`.`stg_cotizaciones`

    )

  
  
[0m03:01:43.450521 [debug] [Thread-1 (]: SQL status: SUCCESS 1 in 0.0 seconds
[0m03:01:43.453505 [debug] [Thread-1 (]: On model.my_dbt_project.dim_cotizacion_dolar: COMMIT
[0m03:01:43.454505 [debug] [Thread-1 (]: Using mysql connection "model.my_dbt_project.dim_cotizacion_dolar"
[0m03:01:43.455505 [debug] [Thread-1 (]: On model.my_dbt_project.dim_cotizacion_dolar: COMMIT
[0m03:01:43.787773 [debug] [Thread-1 (]: SQL status: SUCCESS 0 in 0.0 seconds
[0m03:01:43.789768 [debug] [Thread-1 (]: Timing info for model.my_dbt_project.dim_cotizacion_dolar (execute): 03:01:41.495727 => 03:01:43.788769
[0m03:01:43.790772 [debug] [Thread-1 (]: On model.my_dbt_project.dim_cotizacion_dolar: Close
[0m03:01:43.791768 [debug] [Thread-1 (]: Sending event: {'category': 'dbt', 'action': 'run_model', 'label': '2b539ab9-f798-4670-b3ca-625d8c83b592', 'context': [<snowplow_tracker.self_describing_json.SelfDescribingJson object at 0x000002478D1C6C60>]}
[0m03:01:43.793769 [info ] [Thread-1 (]: 3 of 6 OK created sql incremental model core.dim_cotizacion_dolar .............. [[32mSUCCESS 1[0m in 2.31s]
[0m03:01:43.794774 [debug] [Thread-1 (]: Finished running node model.my_dbt_project.dim_cotizacion_dolar
[0m03:01:43.795768 [debug] [Thread-1 (]: Began running node model.my_dbt_project.dim_neighbourhoods
[0m03:01:43.796768 [info ] [Thread-1 (]: 4 of 6 START sql table model core.dim_neighbourhoods ........................... [RUN]
[0m03:01:43.798773 [debug] [Thread-1 (]: Re-using an available connection from the pool (formerly model.my_dbt_project.dim_cotizacion_dolar, now model.my_dbt_project.dim_neighbourhoods)
[0m03:01:43.799769 [debug] [Thread-1 (]: Began compiling node model.my_dbt_project.dim_neighbourhoods
[0m03:01:43.804768 [debug] [Thread-1 (]: Writing injected SQL for node "model.my_dbt_project.dim_neighbourhoods"
[0m03:01:43.807779 [debug] [Thread-1 (]: Timing info for model.my_dbt_project.dim_neighbourhoods (compile): 03:01:43.799769 => 03:01:43.806778
[0m03:01:43.808779 [debug] [Thread-1 (]: Began executing node model.my_dbt_project.dim_neighbourhoods
[0m03:01:43.830772 [debug] [Thread-1 (]: Writing runtime sql for node "model.my_dbt_project.dim_neighbourhoods"
[0m03:01:43.833915 [debug] [Thread-1 (]: Using mysql connection "model.my_dbt_project.dim_neighbourhoods"
[0m03:01:43.833915 [debug] [Thread-1 (]: On model.my_dbt_project.dim_neighbourhoods: BEGIN
[0m03:01:43.835159 [debug] [Thread-1 (]: Opening a new connection, currently in state closed
[0m03:01:46.566941 [debug] [Thread-1 (]: SQL status: SUCCESS 0 in 3.0 seconds
[0m03:01:46.569011 [debug] [Thread-1 (]: Using mysql connection "model.my_dbt_project.dim_neighbourhoods"
[0m03:01:46.570011 [debug] [Thread-1 (]: On model.my_dbt_project.dim_neighbourhoods: /* {"app": "dbt", "dbt_version": "1.7.19", "profile_name": "my_dbt_profile", "target_name": "dev", "node_id": "model.my_dbt_project.dim_neighbourhoods"} */

  
    

  create  table
    `core`.`dim_neighbourhoods__dbt_tmp`
    
    
      as
    
    (
      

select distinct
    neighbourhood,
    neighbourhood_group
from `staging`.`stg_listings`
    )

  
[0m03:01:47.059374 [debug] [Thread-1 (]: SQL status: SUCCESS 218 in 0.0 seconds
[0m03:01:47.064369 [debug] [Thread-1 (]: Using mysql connection "model.my_dbt_project.dim_neighbourhoods"
[0m03:01:47.065572 [debug] [Thread-1 (]: On model.my_dbt_project.dim_neighbourhoods: /* {"app": "dbt", "dbt_version": "1.7.19", "profile_name": "my_dbt_profile", "target_name": "dev", "node_id": "model.my_dbt_project.dim_neighbourhoods"} */

    drop table if exists `core`.`dim_neighbourhoods` cascade
  
[0m03:01:47.398063 [debug] [Thread-1 (]: SQL status: SUCCESS 0 in 0.0 seconds
[0m03:01:47.401053 [debug] [Thread-1 (]: Using mysql connection "model.my_dbt_project.dim_neighbourhoods"
[0m03:01:47.402054 [debug] [Thread-1 (]: On model.my_dbt_project.dim_neighbourhoods: /* {"app": "dbt", "dbt_version": "1.7.19", "profile_name": "my_dbt_profile", "target_name": "dev", "node_id": "model.my_dbt_project.dim_neighbourhoods"} */

    rename table `core`.`dim_neighbourhoods__dbt_tmp` to `core`.`dim_neighbourhoods`
  
[0m03:01:47.745065 [debug] [Thread-1 (]: SQL status: SUCCESS 0 in 0.0 seconds
[0m03:01:47.754890 [debug] [Thread-1 (]: On model.my_dbt_project.dim_neighbourhoods: COMMIT
[0m03:01:47.755892 [debug] [Thread-1 (]: Using mysql connection "model.my_dbt_project.dim_neighbourhoods"
[0m03:01:47.755892 [debug] [Thread-1 (]: On model.my_dbt_project.dim_neighbourhoods: COMMIT
[0m03:01:48.088588 [debug] [Thread-1 (]: SQL status: SUCCESS 0 in 0.0 seconds
[0m03:01:48.094590 [debug] [Thread-1 (]: Using mysql connection "model.my_dbt_project.dim_neighbourhoods"
[0m03:01:48.095590 [debug] [Thread-1 (]: On model.my_dbt_project.dim_neighbourhoods: /* {"app": "dbt", "dbt_version": "1.7.19", "profile_name": "my_dbt_profile", "target_name": "dev", "node_id": "model.my_dbt_project.dim_neighbourhoods"} */
drop table if exists `core`.`dim_neighbourhoods__dbt_backup`
[0m03:01:48.427180 [debug] [Thread-1 (]: SQL status: SUCCESS 0 in 0.0 seconds
[0m03:01:48.430186 [debug] [Thread-1 (]: Timing info for model.my_dbt_project.dim_neighbourhoods (execute): 03:01:43.808779 => 03:01:48.430186
[0m03:01:48.431932 [debug] [Thread-1 (]: On model.my_dbt_project.dim_neighbourhoods: Close
[0m03:01:48.433012 [debug] [Thread-1 (]: Sending event: {'category': 'dbt', 'action': 'run_model', 'label': '2b539ab9-f798-4670-b3ca-625d8c83b592', 'context': [<snowplow_tracker.self_describing_json.SelfDescribingJson object at 0x000002478D224860>]}
[0m03:01:48.435009 [info ] [Thread-1 (]: 4 of 6 OK created sql table model core.dim_neighbourhoods ...................... [[32mSUCCESS 218[0m in 4.64s]
[0m03:01:48.436014 [debug] [Thread-1 (]: Finished running node model.my_dbt_project.dim_neighbourhoods
[0m03:01:48.437010 [debug] [Thread-1 (]: Began running node model.my_dbt_project.dim_room_types
[0m03:01:48.438008 [info ] [Thread-1 (]: 5 of 6 START sql table model core.dim_room_types ............................... [RUN]
[0m03:01:48.440012 [debug] [Thread-1 (]: Re-using an available connection from the pool (formerly model.my_dbt_project.dim_neighbourhoods, now model.my_dbt_project.dim_room_types)
[0m03:01:48.441008 [debug] [Thread-1 (]: Began compiling node model.my_dbt_project.dim_room_types
[0m03:01:48.446008 [debug] [Thread-1 (]: Writing injected SQL for node "model.my_dbt_project.dim_room_types"
[0m03:01:48.450170 [debug] [Thread-1 (]: Timing info for model.my_dbt_project.dim_room_types (compile): 03:01:48.441008 => 03:01:48.449163
[0m03:01:48.451164 [debug] [Thread-1 (]: Began executing node model.my_dbt_project.dim_room_types
[0m03:01:48.456157 [debug] [Thread-1 (]: Writing runtime sql for node "model.my_dbt_project.dim_room_types"
[0m03:01:48.460162 [debug] [Thread-1 (]: Using mysql connection "model.my_dbt_project.dim_room_types"
[0m03:01:48.461161 [debug] [Thread-1 (]: On model.my_dbt_project.dim_room_types: BEGIN
[0m03:01:48.462162 [debug] [Thread-1 (]: Opening a new connection, currently in state closed
[0m03:01:50.002257 [debug] [Thread-1 (]: SQL status: SUCCESS 0 in 2.0 seconds
[0m03:01:50.004256 [debug] [Thread-1 (]: Using mysql connection "model.my_dbt_project.dim_room_types"
[0m03:01:50.005257 [debug] [Thread-1 (]: On model.my_dbt_project.dim_room_types: /* {"app": "dbt", "dbt_version": "1.7.19", "profile_name": "my_dbt_profile", "target_name": "dev", "node_id": "model.my_dbt_project.dim_room_types"} */

  
    

  create  table
    `core`.`dim_room_types__dbt_tmp`
    
    
      as
    
    (
      

select distinct
    room_type
from `staging`.`stg_listings`
    )

  
[0m03:01:50.442865 [debug] [Thread-1 (]: SQL status: SUCCESS 3 in 0.0 seconds
[0m03:01:50.448871 [debug] [Thread-1 (]: Using mysql connection "model.my_dbt_project.dim_room_types"
[0m03:01:50.449870 [debug] [Thread-1 (]: On model.my_dbt_project.dim_room_types: /* {"app": "dbt", "dbt_version": "1.7.19", "profile_name": "my_dbt_profile", "target_name": "dev", "node_id": "model.my_dbt_project.dim_room_types"} */

    drop table if exists `core`.`dim_room_types` cascade
  
[0m03:01:50.782864 [debug] [Thread-1 (]: SQL status: SUCCESS 0 in 0.0 seconds
[0m03:01:50.784866 [debug] [Thread-1 (]: Using mysql connection "model.my_dbt_project.dim_room_types"
[0m03:01:50.785866 [debug] [Thread-1 (]: On model.my_dbt_project.dim_room_types: /* {"app": "dbt", "dbt_version": "1.7.19", "profile_name": "my_dbt_profile", "target_name": "dev", "node_id": "model.my_dbt_project.dim_room_types"} */

    rename table `core`.`dim_room_types__dbt_tmp` to `core`.`dim_room_types`
  
[0m03:01:51.125874 [debug] [Thread-1 (]: SQL status: SUCCESS 0 in 0.0 seconds
[0m03:01:51.130875 [debug] [Thread-1 (]: On model.my_dbt_project.dim_room_types: COMMIT
[0m03:01:51.132075 [debug] [Thread-1 (]: Using mysql connection "model.my_dbt_project.dim_room_types"
[0m03:01:51.133448 [debug] [Thread-1 (]: On model.my_dbt_project.dim_room_types: COMMIT
[0m03:01:51.465512 [debug] [Thread-1 (]: SQL status: SUCCESS 0 in 0.0 seconds
[0m03:01:51.470516 [debug] [Thread-1 (]: Using mysql connection "model.my_dbt_project.dim_room_types"
[0m03:01:51.471516 [debug] [Thread-1 (]: On model.my_dbt_project.dim_room_types: /* {"app": "dbt", "dbt_version": "1.7.19", "profile_name": "my_dbt_profile", "target_name": "dev", "node_id": "model.my_dbt_project.dim_room_types"} */
drop table if exists `core`.`dim_room_types__dbt_backup`
[0m03:01:51.804544 [debug] [Thread-1 (]: SQL status: SUCCESS 0 in 0.0 seconds
[0m03:01:51.808551 [debug] [Thread-1 (]: Timing info for model.my_dbt_project.dim_room_types (execute): 03:01:48.451164 => 03:01:51.808551
[0m03:01:51.809549 [debug] [Thread-1 (]: On model.my_dbt_project.dim_room_types: Close
[0m03:01:51.812541 [debug] [Thread-1 (]: Sending event: {'category': 'dbt', 'action': 'run_model', 'label': '2b539ab9-f798-4670-b3ca-625d8c83b592', 'context': [<snowplow_tracker.self_describing_json.SelfDescribingJson object at 0x000002478D224860>]}
[0m03:01:51.813542 [info ] [Thread-1 (]: 5 of 6 OK created sql table model core.dim_room_types .......................... [[32mSUCCESS 3[0m in 3.37s]
[0m03:01:51.815548 [debug] [Thread-1 (]: Finished running node model.my_dbt_project.dim_room_types
[0m03:01:51.817547 [debug] [Thread-1 (]: Began running node model.my_dbt_project.fact_listings
[0m03:01:51.818542 [info ] [Thread-1 (]: 6 of 6 START sql table model core.fact_listings ................................ [RUN]
[0m03:01:51.820549 [debug] [Thread-1 (]: Re-using an available connection from the pool (formerly model.my_dbt_project.dim_room_types, now model.my_dbt_project.fact_listings)
[0m03:01:51.821541 [debug] [Thread-1 (]: Began compiling node model.my_dbt_project.fact_listings
[0m03:01:51.828551 [debug] [Thread-1 (]: Writing injected SQL for node "model.my_dbt_project.fact_listings"
[0m03:01:51.832553 [debug] [Thread-1 (]: Timing info for model.my_dbt_project.fact_listings (compile): 03:01:51.822544 => 03:01:51.831545
[0m03:01:51.834553 [debug] [Thread-1 (]: Began executing node model.my_dbt_project.fact_listings
[0m03:01:51.847547 [debug] [Thread-1 (]: Writing runtime sql for node "model.my_dbt_project.fact_listings"
[0m03:01:51.850544 [debug] [Thread-1 (]: Using mysql connection "model.my_dbt_project.fact_listings"
[0m03:01:51.852541 [debug] [Thread-1 (]: On model.my_dbt_project.fact_listings: BEGIN
[0m03:01:51.854543 [debug] [Thread-1 (]: Opening a new connection, currently in state closed
[0m03:01:53.490715 [debug] [Thread-1 (]: SQL status: SUCCESS 0 in 2.0 seconds
[0m03:01:53.491717 [debug] [Thread-1 (]: Using mysql connection "model.my_dbt_project.fact_listings"
[0m03:01:53.493716 [debug] [Thread-1 (]: On model.my_dbt_project.fact_listings: /* {"app": "dbt", "dbt_version": "1.7.19", "profile_name": "my_dbt_profile", "target_name": "dev", "node_id": "model.my_dbt_project.fact_listings"} */

  
    

  create  table
    `core`.`fact_listings__dbt_tmp`
    
    
      as
    
    (
      

select
    listing_id,
    host_id,
    host_name,
    price,
    minimum_nights,
    number_of_reviews,
    last_review,
    availability_365,
    neighbourhood, -- Llave para unir con dim_neighbourhoods
    room_type      -- Llave para unir con dim_room_types
from `staging`.`stg_listings`
    )

  
[0m03:01:54.299461 [debug] [Thread-1 (]: SQL status: SUCCESS 38843 in 1.0 seconds
[0m03:01:54.305462 [debug] [Thread-1 (]: Using mysql connection "model.my_dbt_project.fact_listings"
[0m03:01:54.307462 [debug] [Thread-1 (]: On model.my_dbt_project.fact_listings: /* {"app": "dbt", "dbt_version": "1.7.19", "profile_name": "my_dbt_profile", "target_name": "dev", "node_id": "model.my_dbt_project.fact_listings"} */

    drop table if exists `core`.`fact_listings` cascade
  
[0m03:01:54.638667 [debug] [Thread-1 (]: SQL status: SUCCESS 0 in 0.0 seconds
[0m03:01:54.640662 [debug] [Thread-1 (]: Using mysql connection "model.my_dbt_project.fact_listings"
[0m03:01:54.641662 [debug] [Thread-1 (]: On model.my_dbt_project.fact_listings: /* {"app": "dbt", "dbt_version": "1.7.19", "profile_name": "my_dbt_profile", "target_name": "dev", "node_id": "model.my_dbt_project.fact_listings"} */

    rename table `core`.`fact_listings__dbt_tmp` to `core`.`fact_listings`
  
[0m03:01:54.990120 [debug] [Thread-1 (]: SQL status: SUCCESS 0 in 0.0 seconds
[0m03:01:54.993101 [debug] [Thread-1 (]: On model.my_dbt_project.fact_listings: COMMIT
[0m03:01:54.994100 [debug] [Thread-1 (]: Using mysql connection "model.my_dbt_project.fact_listings"
[0m03:01:54.995100 [debug] [Thread-1 (]: On model.my_dbt_project.fact_listings: COMMIT
[0m03:01:55.327959 [debug] [Thread-1 (]: SQL status: SUCCESS 0 in 0.0 seconds
[0m03:01:55.331958 [debug] [Thread-1 (]: Using mysql connection "model.my_dbt_project.fact_listings"
[0m03:01:55.332959 [debug] [Thread-1 (]: On model.my_dbt_project.fact_listings: /* {"app": "dbt", "dbt_version": "1.7.19", "profile_name": "my_dbt_profile", "target_name": "dev", "node_id": "model.my_dbt_project.fact_listings"} */
drop table if exists `core`.`fact_listings__dbt_backup`
[0m03:01:55.664423 [debug] [Thread-1 (]: SQL status: SUCCESS 0 in 0.0 seconds
[0m03:01:55.667414 [debug] [Thread-1 (]: Timing info for model.my_dbt_project.fact_listings (execute): 03:01:51.836547 => 03:01:55.667414
[0m03:01:55.668414 [debug] [Thread-1 (]: On model.my_dbt_project.fact_listings: Close
[0m03:01:55.670412 [debug] [Thread-1 (]: Sending event: {'category': 'dbt', 'action': 'run_model', 'label': '2b539ab9-f798-4670-b3ca-625d8c83b592', 'context': [<snowplow_tracker.self_describing_json.SelfDescribingJson object at 0x000002478D224770>]}
[0m03:01:55.671411 [info ] [Thread-1 (]: 6 of 6 OK created sql table model core.fact_listings ........................... [[32mSUCCESS 38843[0m in 3.85s]
[0m03:01:55.674408 [debug] [Thread-1 (]: Finished running node model.my_dbt_project.fact_listings
[0m03:01:55.677413 [debug] [MainThread]: Using mysql connection "master"
[0m03:01:55.678407 [debug] [MainThread]: On master: BEGIN
[0m03:01:55.679407 [debug] [MainThread]: Opening a new connection, currently in state closed
[0m03:01:57.210156 [debug] [MainThread]: SQL status: SUCCESS 0 in 2.0 seconds
[0m03:01:57.211150 [debug] [MainThread]: On master: COMMIT
[0m03:01:57.212149 [debug] [MainThread]: Using mysql connection "master"
[0m03:01:57.212149 [debug] [MainThread]: On master: COMMIT
[0m03:01:57.548731 [debug] [MainThread]: SQL status: SUCCESS 0 in 0.0 seconds
[0m03:01:57.549730 [debug] [MainThread]: On master: Close
[0m03:01:57.550729 [debug] [MainThread]: Connection 'master' was properly closed.
[0m03:01:57.551730 [debug] [MainThread]: Connection 'create__core' was properly closed.
[0m03:01:57.552729 [debug] [MainThread]: Connection 'list_None_core' was properly closed.
[0m03:01:57.552729 [debug] [MainThread]: Connection 'model.my_dbt_project.fact_listings' was properly closed.
[0m03:01:57.553727 [info ] [MainThread]: 
[0m03:01:57.554730 [info ] [MainThread]: Finished running 2 view models, 1 incremental model, 3 table models in 0 hours 0 minutes and 38.30 seconds (38.30s).
[0m03:01:57.558732 [debug] [MainThread]: Command end result
[0m03:01:57.576736 [info ] [MainThread]: 
[0m03:01:57.578743 [info ] [MainThread]: [32mCompleted successfully[0m
[0m03:01:57.580735 [info ] [MainThread]: 
[0m03:01:57.582737 [info ] [MainThread]: Done. PASS=6 WARN=0 ERROR=0 SKIP=0 TOTAL=6
[0m03:01:57.584735 [debug] [MainThread]: Command `dbt run` succeeded at 03:01:57.584735 after 41.01 seconds
[0m03:01:57.585733 [debug] [MainThread]: Sending event: {'category': 'dbt', 'action': 'invocation', 'label': 'end', 'context': [<snowplow_tracker.self_describing_json.SelfDescribingJson object at 0x000002478B2D66C0>, <snowplow_tracker.self_describing_json.SelfDescribingJson object at 0x000002478CEA4B90>, <snowplow_tracker.self_describing_json.SelfDescribingJson object at 0x000002478B4892E0>]}
[0m03:01:57.586736 [debug] [MainThread]: Flushing usage events
[0m03:10:05.074116 [debug] [MainThread]: Sending event: {'category': 'dbt', 'action': 'invocation', 'label': 'start', 'context': [<snowplow_tracker.self_describing_json.SelfDescribingJson object at 0x0000018EA9CCD1F0>, <snowplow_tracker.self_describing_json.SelfDescribingJson object at 0x0000018EA9CCDAF0>, <snowplow_tracker.self_describing_json.SelfDescribingJson object at 0x0000018EA9CCDF70>]}


============================== 03:10:05.080106 | 73b67f4c-fadc-4e04-ba84-5bb407bf1822 ==============================
[0m03:10:05.080106 [info ] [MainThread]: Running with dbt=1.7.19
[0m03:10:05.082115 [debug] [MainThread]: running dbt with arguments {'printer_width': '80', 'indirect_selection': 'eager', 'log_cache_events': 'False', 'write_json': 'True', 'partial_parse': 'True', 'cache_selected_only': 'False', 'profiles_dir': 'C:\\Users\\tinch\\.dbt', 'version_check': 'True', 'fail_fast': 'False', 'log_path': 'C:\\Users\\tinch\\OneDrive\\Escritorio\\HENRY\\M3\\M3ProyectoIntegrador\\logs', 'warn_error': 'None', 'debug': 'False', 'use_colors': 'True', 'use_experimental_parser': 'False', 'no_print': 'None', 'quiet': 'False', 'log_format': 'default', 'introspect': 'True', 'static_parser': 'True', 'warn_error_options': 'WarnErrorOptions(include=[], exclude=[])', 'target_path': 'None', 'invocation_command': 'dbt test', 'send_anonymous_usage_stats': 'True'}
[0m03:10:05.438988 [debug] [MainThread]: Sending event: {'category': 'dbt', 'action': 'project_id', 'label': '73b67f4c-fadc-4e04-ba84-5bb407bf1822', 'context': [<snowplow_tracker.self_describing_json.SelfDescribingJson object at 0x0000018EA909A2A0>]}
[0m03:10:05.555091 [debug] [MainThread]: Sending event: {'category': 'dbt', 'action': 'adapter_info', 'label': '73b67f4c-fadc-4e04-ba84-5bb407bf1822', 'context': [<snowplow_tracker.self_describing_json.SelfDescribingJson object at 0x0000018EA9CCE390>]}
[0m03:10:05.557091 [info ] [MainThread]: Registered adapter: mysql=1.7.0
[0m03:10:05.572099 [debug] [MainThread]: checksum: a8d43cdff37d0f32d7fbe4c5c25bea4bb6c86e162f8ce8fdb1a38cdcf7495431, vars: {}, profile: , target: , version: 1.7.19
[0m03:10:05.657149 [debug] [MainThread]: Partial parsing enabled: 0 files deleted, 0 files added, 0 files changed.
[0m03:10:05.658151 [debug] [MainThread]: Partial parsing enabled, no changes found, skipping parsing
[0m03:10:05.666150 [debug] [MainThread]: Sending event: {'category': 'dbt', 'action': 'load_project', 'label': '73b67f4c-fadc-4e04-ba84-5bb407bf1822', 'context': [<snowplow_tracker.self_describing_json.SelfDescribingJson object at 0x0000018EAAFE7DD0>]}
[0m03:10:05.687522 [debug] [MainThread]: Sending event: {'category': 'dbt', 'action': 'resource_counts', 'label': '73b67f4c-fadc-4e04-ba84-5bb407bf1822', 'context': [<snowplow_tracker.self_describing_json.SelfDescribingJson object at 0x0000018EAB0B0E60>]}
[0m03:10:05.688521 [info ] [MainThread]: Found 6 models, 5 tests, 2 sources, 0 exposures, 0 metrics, 376 macros, 0 groups, 0 semantic models
[0m03:10:05.689524 [debug] [MainThread]: Sending event: {'category': 'dbt', 'action': 'runnable_timing', 'label': '73b67f4c-fadc-4e04-ba84-5bb407bf1822', 'context': [<snowplow_tracker.self_describing_json.SelfDescribingJson object at 0x0000018EA9D18FB0>]}
[0m03:10:05.694517 [info ] [MainThread]: 
[0m03:10:05.696523 [debug] [MainThread]: Acquiring new mysql connection 'master'
[0m03:10:05.699521 [debug] [ThreadPool]: Acquiring new mysql connection 'list_None_core'
[0m03:10:05.721744 [debug] [ThreadPool]: Using mysql connection "list_None_core"
[0m03:10:05.722740 [debug] [ThreadPool]: On list_None_core: BEGIN
[0m03:10:05.722740 [debug] [ThreadPool]: Opening a new connection, currently in state init
[0m03:10:07.492159 [debug] [ThreadPool]: SQL status: SUCCESS 0 in 2.0 seconds
[0m03:10:07.493157 [debug] [ThreadPool]: Using mysql connection "list_None_core"
[0m03:10:07.494157 [debug] [ThreadPool]: On list_None_core: /* {"app": "dbt", "dbt_version": "1.7.19", "profile_name": "my_dbt_profile", "target_name": "dev", "connection_name": "list_None_core"} */
select
      null as "database",
      table_name as name,
      table_schema as "schema",
      case when table_type = 'BASE TABLE' then 'table'
           when table_type = 'VIEW' then 'view'
           else table_type
      end as table_type
    from information_schema.tables
    where table_schema = 'core'
  
[0m03:10:07.838621 [debug] [ThreadPool]: SQL status: SUCCESS 4 in 0.0 seconds
[0m03:10:07.840614 [debug] [ThreadPool]: On list_None_core: ROLLBACK
[0m03:10:08.005499 [debug] [ThreadPool]: On list_None_core: Close
[0m03:10:08.009511 [debug] [ThreadPool]: Re-using an available connection from the pool (formerly list_None_core, now list_None_staging)
[0m03:10:08.013512 [debug] [ThreadPool]: Using mysql connection "list_None_staging"
[0m03:10:08.014515 [debug] [ThreadPool]: On list_None_staging: BEGIN
[0m03:10:08.015514 [debug] [ThreadPool]: Opening a new connection, currently in state closed
[0m03:10:09.547395 [debug] [ThreadPool]: SQL status: SUCCESS 0 in 2.0 seconds
[0m03:10:09.549411 [debug] [ThreadPool]: Using mysql connection "list_None_staging"
[0m03:10:09.549411 [debug] [ThreadPool]: On list_None_staging: /* {"app": "dbt", "dbt_version": "1.7.19", "profile_name": "my_dbt_profile", "target_name": "dev", "connection_name": "list_None_staging"} */
select
      null as "database",
      table_name as name,
      table_schema as "schema",
      case when table_type = 'BASE TABLE' then 'table'
           when table_type = 'VIEW' then 'view'
           else table_type
      end as table_type
    from information_schema.tables
    where table_schema = 'staging'
  
[0m03:10:09.883756 [debug] [ThreadPool]: SQL status: SUCCESS 2 in 0.0 seconds
[0m03:10:09.886970 [debug] [ThreadPool]: On list_None_staging: ROLLBACK
[0m03:10:10.046455 [debug] [ThreadPool]: On list_None_staging: Close
[0m03:10:10.049455 [debug] [MainThread]: Sending event: {'category': 'dbt', 'action': 'runnable_timing', 'label': '73b67f4c-fadc-4e04-ba84-5bb407bf1822', 'context': [<snowplow_tracker.self_describing_json.SelfDescribingJson object at 0x0000018EA9EE72C0>]}
[0m03:10:10.051050 [debug] [MainThread]: Using mysql connection "master"
[0m03:10:10.052060 [debug] [MainThread]: On master: BEGIN
[0m03:10:10.053061 [debug] [MainThread]: Opening a new connection, currently in state init
[0m03:10:11.580186 [debug] [MainThread]: SQL status: SUCCESS 0 in 2.0 seconds
[0m03:10:11.581183 [debug] [MainThread]: On master: COMMIT
[0m03:10:11.583183 [debug] [MainThread]: Using mysql connection "master"
[0m03:10:11.584183 [debug] [MainThread]: On master: COMMIT
[0m03:10:11.918606 [debug] [MainThread]: SQL status: SUCCESS 0 in 0.0 seconds
[0m03:10:11.919609 [debug] [MainThread]: On master: Close
[0m03:10:11.922598 [info ] [MainThread]: Concurrency: 1 threads (target='dev')
[0m03:10:11.923602 [info ] [MainThread]: 
[0m03:10:11.928438 [debug] [Thread-1 (]: Began running node test.my_dbt_project.not_null_dim_cotizacion_dolar_cotizacion_en_pesos.1da7e4e546
[0m03:10:11.929455 [info ] [Thread-1 (]: 1 of 5 START test not_null_dim_cotizacion_dolar_cotizacion_en_pesos ............ [RUN]
[0m03:10:11.931447 [debug] [Thread-1 (]: Acquiring new mysql connection 'test.my_dbt_project.not_null_dim_cotizacion_dolar_cotizacion_en_pesos.1da7e4e546'
[0m03:10:11.932447 [debug] [Thread-1 (]: Began compiling node test.my_dbt_project.not_null_dim_cotizacion_dolar_cotizacion_en_pesos.1da7e4e546
[0m03:10:11.966670 [debug] [Thread-1 (]: Writing injected SQL for node "test.my_dbt_project.not_null_dim_cotizacion_dolar_cotizacion_en_pesos.1da7e4e546"
[0m03:10:11.972887 [debug] [Thread-1 (]: Timing info for test.my_dbt_project.not_null_dim_cotizacion_dolar_cotizacion_en_pesos.1da7e4e546 (compile): 03:10:11.933439 => 03:10:11.971887
[0m03:10:11.973874 [debug] [Thread-1 (]: Began executing node test.my_dbt_project.not_null_dim_cotizacion_dolar_cotizacion_en_pesos.1da7e4e546
[0m03:10:11.996131 [debug] [Thread-1 (]: Writing runtime sql for node "test.my_dbt_project.not_null_dim_cotizacion_dolar_cotizacion_en_pesos.1da7e4e546"
[0m03:10:11.999327 [debug] [Thread-1 (]: Using mysql connection "test.my_dbt_project.not_null_dim_cotizacion_dolar_cotizacion_en_pesos.1da7e4e546"
[0m03:10:12.000330 [debug] [Thread-1 (]: On test.my_dbt_project.not_null_dim_cotizacion_dolar_cotizacion_en_pesos.1da7e4e546: BEGIN
[0m03:10:12.001331 [debug] [Thread-1 (]: Opening a new connection, currently in state init
[0m03:10:13.707133 [debug] [Thread-1 (]: SQL status: SUCCESS 0 in 2.0 seconds
[0m03:10:13.708136 [debug] [Thread-1 (]: Using mysql connection "test.my_dbt_project.not_null_dim_cotizacion_dolar_cotizacion_en_pesos.1da7e4e546"
[0m03:10:13.709137 [debug] [Thread-1 (]: On test.my_dbt_project.not_null_dim_cotizacion_dolar_cotizacion_en_pesos.1da7e4e546: /* {"app": "dbt", "dbt_version": "1.7.19", "profile_name": "my_dbt_profile", "target_name": "dev", "node_id": "test.my_dbt_project.not_null_dim_cotizacion_dolar_cotizacion_en_pesos.1da7e4e546"} */
select
      count(*) as failures,
      case
        when count(*) <> 0 then 'true'
        else 'false'
      end as should_warn,
      case
        when count(*) <> 0 then 'true'
        else 'false'
      end as should_error
    from (
      
    
    



select cotizacion_en_pesos
from `core`.`dim_cotizacion_dolar`
where cotizacion_en_pesos is null



      
    ) dbt_internal_test
[0m03:10:14.045946 [debug] [Thread-1 (]: SQL status: SUCCESS 1 in 0.0 seconds
[0m03:10:14.061180 [debug] [Thread-1 (]: Timing info for test.my_dbt_project.not_null_dim_cotizacion_dolar_cotizacion_en_pesos.1da7e4e546 (execute): 03:10:11.973874 => 03:10:14.060183
[0m03:10:14.062179 [debug] [Thread-1 (]: On test.my_dbt_project.not_null_dim_cotizacion_dolar_cotizacion_en_pesos.1da7e4e546: ROLLBACK
[0m03:10:14.228708 [debug] [Thread-1 (]: On test.my_dbt_project.not_null_dim_cotizacion_dolar_cotizacion_en_pesos.1da7e4e546: Close
[0m03:10:14.230842 [info ] [Thread-1 (]: 1 of 5 PASS not_null_dim_cotizacion_dolar_cotizacion_en_pesos .................. [[32mPASS[0m in 2.30s]
[0m03:10:14.232693 [debug] [Thread-1 (]: Finished running node test.my_dbt_project.not_null_dim_cotizacion_dolar_cotizacion_en_pesos.1da7e4e546
[0m03:10:14.233677 [debug] [Thread-1 (]: Began running node test.my_dbt_project.not_null_dim_cotizacion_dolar_fecha.700d1a81b9
[0m03:10:14.234689 [info ] [Thread-1 (]: 2 of 5 START test not_null_dim_cotizacion_dolar_fecha .......................... [RUN]
[0m03:10:14.235904 [debug] [Thread-1 (]: Re-using an available connection from the pool (formerly test.my_dbt_project.not_null_dim_cotizacion_dolar_cotizacion_en_pesos.1da7e4e546, now test.my_dbt_project.not_null_dim_cotizacion_dolar_fecha.700d1a81b9)
[0m03:10:14.237898 [debug] [Thread-1 (]: Began compiling node test.my_dbt_project.not_null_dim_cotizacion_dolar_fecha.700d1a81b9
[0m03:10:14.243904 [debug] [Thread-1 (]: Writing injected SQL for node "test.my_dbt_project.not_null_dim_cotizacion_dolar_fecha.700d1a81b9"
[0m03:10:14.247604 [debug] [Thread-1 (]: Timing info for test.my_dbt_project.not_null_dim_cotizacion_dolar_fecha.700d1a81b9 (compile): 03:10:14.237898 => 03:10:14.246591
[0m03:10:14.248609 [debug] [Thread-1 (]: Began executing node test.my_dbt_project.not_null_dim_cotizacion_dolar_fecha.700d1a81b9
[0m03:10:14.254835 [debug] [Thread-1 (]: Writing runtime sql for node "test.my_dbt_project.not_null_dim_cotizacion_dolar_fecha.700d1a81b9"
[0m03:10:14.257827 [debug] [Thread-1 (]: Using mysql connection "test.my_dbt_project.not_null_dim_cotizacion_dolar_fecha.700d1a81b9"
[0m03:10:14.258832 [debug] [Thread-1 (]: On test.my_dbt_project.not_null_dim_cotizacion_dolar_fecha.700d1a81b9: BEGIN
[0m03:10:14.259832 [debug] [Thread-1 (]: Opening a new connection, currently in state closed
[0m03:10:15.789190 [debug] [Thread-1 (]: SQL status: SUCCESS 0 in 2.0 seconds
[0m03:10:15.790186 [debug] [Thread-1 (]: Using mysql connection "test.my_dbt_project.not_null_dim_cotizacion_dolar_fecha.700d1a81b9"
[0m03:10:15.791186 [debug] [Thread-1 (]: On test.my_dbt_project.not_null_dim_cotizacion_dolar_fecha.700d1a81b9: /* {"app": "dbt", "dbt_version": "1.7.19", "profile_name": "my_dbt_profile", "target_name": "dev", "node_id": "test.my_dbt_project.not_null_dim_cotizacion_dolar_fecha.700d1a81b9"} */
select
      count(*) as failures,
      case
        when count(*) <> 0 then 'true'
        else 'false'
      end as should_warn,
      case
        when count(*) <> 0 then 'true'
        else 'false'
      end as should_error
    from (
      
    
    



select fecha
from `core`.`dim_cotizacion_dolar`
where fecha is null



      
    ) dbt_internal_test
[0m03:10:16.129378 [debug] [Thread-1 (]: SQL status: SUCCESS 1 in 0.0 seconds
[0m03:10:16.133382 [debug] [Thread-1 (]: Timing info for test.my_dbt_project.not_null_dim_cotizacion_dolar_fecha.700d1a81b9 (execute): 03:10:14.249605 => 03:10:16.133382
[0m03:10:16.134388 [debug] [Thread-1 (]: On test.my_dbt_project.not_null_dim_cotizacion_dolar_fecha.700d1a81b9: ROLLBACK
[0m03:10:16.296376 [debug] [Thread-1 (]: On test.my_dbt_project.not_null_dim_cotizacion_dolar_fecha.700d1a81b9: Close
[0m03:10:16.298384 [info ] [Thread-1 (]: 2 of 5 PASS not_null_dim_cotizacion_dolar_fecha ................................ [[32mPASS[0m in 2.06s]
[0m03:10:16.300391 [debug] [Thread-1 (]: Finished running node test.my_dbt_project.not_null_dim_cotizacion_dolar_fecha.700d1a81b9
[0m03:10:16.301537 [debug] [Thread-1 (]: Began running node test.my_dbt_project.not_null_stg_listings_last_review.17ab4ff1aa
[0m03:10:16.302541 [info ] [Thread-1 (]: 3 of 5 START test not_null_stg_listings_last_review ............................ [RUN]
[0m03:10:16.304544 [debug] [Thread-1 (]: Re-using an available connection from the pool (formerly test.my_dbt_project.not_null_dim_cotizacion_dolar_fecha.700d1a81b9, now test.my_dbt_project.not_null_stg_listings_last_review.17ab4ff1aa)
[0m03:10:16.305533 [debug] [Thread-1 (]: Began compiling node test.my_dbt_project.not_null_stg_listings_last_review.17ab4ff1aa
[0m03:10:16.314535 [debug] [Thread-1 (]: Writing injected SQL for node "test.my_dbt_project.not_null_stg_listings_last_review.17ab4ff1aa"
[0m03:10:16.326959 [debug] [Thread-1 (]: Timing info for test.my_dbt_project.not_null_stg_listings_last_review.17ab4ff1aa (compile): 03:10:16.306527 => 03:10:16.325961
[0m03:10:16.327963 [debug] [Thread-1 (]: Began executing node test.my_dbt_project.not_null_stg_listings_last_review.17ab4ff1aa
[0m03:10:16.332952 [debug] [Thread-1 (]: Writing runtime sql for node "test.my_dbt_project.not_null_stg_listings_last_review.17ab4ff1aa"
[0m03:10:16.336143 [debug] [Thread-1 (]: Using mysql connection "test.my_dbt_project.not_null_stg_listings_last_review.17ab4ff1aa"
[0m03:10:16.337139 [debug] [Thread-1 (]: On test.my_dbt_project.not_null_stg_listings_last_review.17ab4ff1aa: BEGIN
[0m03:10:16.338131 [debug] [Thread-1 (]: Opening a new connection, currently in state closed
[0m03:10:17.881529 [debug] [Thread-1 (]: SQL status: SUCCESS 0 in 2.0 seconds
[0m03:10:17.883525 [debug] [Thread-1 (]: Using mysql connection "test.my_dbt_project.not_null_stg_listings_last_review.17ab4ff1aa"
[0m03:10:17.884525 [debug] [Thread-1 (]: On test.my_dbt_project.not_null_stg_listings_last_review.17ab4ff1aa: /* {"app": "dbt", "dbt_version": "1.7.19", "profile_name": "my_dbt_profile", "target_name": "dev", "node_id": "test.my_dbt_project.not_null_stg_listings_last_review.17ab4ff1aa"} */
select
      count(*) as failures,
      case
        when count(*) <> 0 then 'true'
        else 'false'
      end as should_warn,
      case
        when count(*) <> 0 then 'true'
        else 'false'
      end as should_error
    from (
      
    
    



select last_review
from `staging`.`stg_listings`
where last_review is null



      
    ) dbt_internal_test
[0m03:10:18.263813 [debug] [Thread-1 (]: SQL status: SUCCESS 1 in 0.0 seconds
[0m03:10:18.267561 [debug] [Thread-1 (]: Timing info for test.my_dbt_project.not_null_stg_listings_last_review.17ab4ff1aa (execute): 03:10:16.328951 => 03:10:18.266561
[0m03:10:18.267561 [debug] [Thread-1 (]: On test.my_dbt_project.not_null_stg_listings_last_review.17ab4ff1aa: ROLLBACK
[0m03:10:18.435898 [debug] [Thread-1 (]: On test.my_dbt_project.not_null_stg_listings_last_review.17ab4ff1aa: Close
[0m03:10:18.439042 [info ] [Thread-1 (]: 3 of 5 PASS not_null_stg_listings_last_review .................................. [[32mPASS[0m in 2.14s]
[0m03:10:18.441892 [debug] [Thread-1 (]: Finished running node test.my_dbt_project.not_null_stg_listings_last_review.17ab4ff1aa
[0m03:10:18.442889 [debug] [Thread-1 (]: Began running node test.my_dbt_project.unique_dim_cotizacion_dolar_fecha.f17302c9f5
[0m03:10:18.443889 [info ] [Thread-1 (]: 4 of 5 START test unique_dim_cotizacion_dolar_fecha ............................ [RUN]
[0m03:10:18.445896 [debug] [Thread-1 (]: Re-using an available connection from the pool (formerly test.my_dbt_project.not_null_stg_listings_last_review.17ab4ff1aa, now test.my_dbt_project.unique_dim_cotizacion_dolar_fecha.f17302c9f5)
[0m03:10:18.447896 [debug] [Thread-1 (]: Began compiling node test.my_dbt_project.unique_dim_cotizacion_dolar_fecha.f17302c9f5
[0m03:10:18.460893 [debug] [Thread-1 (]: Writing injected SQL for node "test.my_dbt_project.unique_dim_cotizacion_dolar_fecha.f17302c9f5"
[0m03:10:18.465907 [debug] [Thread-1 (]: Timing info for test.my_dbt_project.unique_dim_cotizacion_dolar_fecha.f17302c9f5 (compile): 03:10:18.448890 => 03:10:18.464904
[0m03:10:18.468067 [debug] [Thread-1 (]: Began executing node test.my_dbt_project.unique_dim_cotizacion_dolar_fecha.f17302c9f5
[0m03:10:18.474073 [debug] [Thread-1 (]: Writing runtime sql for node "test.my_dbt_project.unique_dim_cotizacion_dolar_fecha.f17302c9f5"
[0m03:10:18.478070 [debug] [Thread-1 (]: Using mysql connection "test.my_dbt_project.unique_dim_cotizacion_dolar_fecha.f17302c9f5"
[0m03:10:18.480072 [debug] [Thread-1 (]: On test.my_dbt_project.unique_dim_cotizacion_dolar_fecha.f17302c9f5: BEGIN
[0m03:10:18.481075 [debug] [Thread-1 (]: Opening a new connection, currently in state closed
[0m03:10:20.117783 [debug] [Thread-1 (]: SQL status: SUCCESS 0 in 2.0 seconds
[0m03:10:20.118793 [debug] [Thread-1 (]: Using mysql connection "test.my_dbt_project.unique_dim_cotizacion_dolar_fecha.f17302c9f5"
[0m03:10:20.119785 [debug] [Thread-1 (]: On test.my_dbt_project.unique_dim_cotizacion_dolar_fecha.f17302c9f5: /* {"app": "dbt", "dbt_version": "1.7.19", "profile_name": "my_dbt_profile", "target_name": "dev", "node_id": "test.my_dbt_project.unique_dim_cotizacion_dolar_fecha.f17302c9f5"} */
select
      count(*) as failures,
      case
        when count(*) <> 0 then 'true'
        else 'false'
      end as should_warn,
      case
        when count(*) <> 0 then 'true'
        else 'false'
      end as should_error
    from (
      
    
    

select
    fecha as unique_field,
    count(*) as n_records

from `core`.`dim_cotizacion_dolar`
where fecha is not null
group by fecha
having count(*) > 1



      
    ) dbt_internal_test
[0m03:10:20.458311 [debug] [Thread-1 (]: SQL status: SUCCESS 1 in 0.0 seconds
[0m03:10:20.460300 [debug] [Thread-1 (]: Timing info for test.my_dbt_project.unique_dim_cotizacion_dolar_fecha.f17302c9f5 (execute): 03:10:18.469073 => 03:10:20.460300
[0m03:10:20.461300 [debug] [Thread-1 (]: On test.my_dbt_project.unique_dim_cotizacion_dolar_fecha.f17302c9f5: ROLLBACK
[0m03:10:20.628690 [debug] [Thread-1 (]: On test.my_dbt_project.unique_dim_cotizacion_dolar_fecha.f17302c9f5: Close
[0m03:10:20.630696 [info ] [Thread-1 (]: 4 of 5 PASS unique_dim_cotizacion_dolar_fecha .................................. [[32mPASS[0m in 2.19s]
[0m03:10:20.632700 [debug] [Thread-1 (]: Finished running node test.my_dbt_project.unique_dim_cotizacion_dolar_fecha.f17302c9f5
[0m03:10:20.633695 [debug] [Thread-1 (]: Began running node test.my_dbt_project.unique_stg_listings_listing_id.dd41b56440
[0m03:10:20.634696 [info ] [Thread-1 (]: 5 of 5 START test unique_stg_listings_listing_id ............................... [RUN]
[0m03:10:20.636701 [debug] [Thread-1 (]: Re-using an available connection from the pool (formerly test.my_dbt_project.unique_dim_cotizacion_dolar_fecha.f17302c9f5, now test.my_dbt_project.unique_stg_listings_listing_id.dd41b56440)
[0m03:10:20.637695 [debug] [Thread-1 (]: Began compiling node test.my_dbt_project.unique_stg_listings_listing_id.dd41b56440
[0m03:10:20.643696 [debug] [Thread-1 (]: Writing injected SQL for node "test.my_dbt_project.unique_stg_listings_listing_id.dd41b56440"
[0m03:10:20.646703 [debug] [Thread-1 (]: Timing info for test.my_dbt_project.unique_stg_listings_listing_id.dd41b56440 (compile): 03:10:20.637695 => 03:10:20.645702
[0m03:10:20.648697 [debug] [Thread-1 (]: Began executing node test.my_dbt_project.unique_stg_listings_listing_id.dd41b56440
[0m03:10:20.653706 [debug] [Thread-1 (]: Writing runtime sql for node "test.my_dbt_project.unique_stg_listings_listing_id.dd41b56440"
[0m03:10:20.656700 [debug] [Thread-1 (]: Using mysql connection "test.my_dbt_project.unique_stg_listings_listing_id.dd41b56440"
[0m03:10:20.657716 [debug] [Thread-1 (]: On test.my_dbt_project.unique_stg_listings_listing_id.dd41b56440: BEGIN
[0m03:10:20.658703 [debug] [Thread-1 (]: Opening a new connection, currently in state closed
[0m03:10:22.184305 [debug] [Thread-1 (]: SQL status: SUCCESS 0 in 2.0 seconds
[0m03:10:22.185425 [debug] [Thread-1 (]: Using mysql connection "test.my_dbt_project.unique_stg_listings_listing_id.dd41b56440"
[0m03:10:22.186420 [debug] [Thread-1 (]: On test.my_dbt_project.unique_stg_listings_listing_id.dd41b56440: /* {"app": "dbt", "dbt_version": "1.7.19", "profile_name": "my_dbt_profile", "target_name": "dev", "node_id": "test.my_dbt_project.unique_stg_listings_listing_id.dd41b56440"} */
select
      count(*) as failures,
      case
        when count(*) <> 0 then 'true'
        else 'false'
      end as should_warn,
      case
        when count(*) <> 0 then 'true'
        else 'false'
      end as should_error
    from (
      
    
    

select
    listing_id as unique_field,
    count(*) as n_records

from `staging`.`stg_listings`
where listing_id is not null
group by listing_id
having count(*) > 1



      
    ) dbt_internal_test
[0m03:10:22.612013 [debug] [Thread-1 (]: SQL status: SUCCESS 1 in 0.0 seconds
[0m03:10:22.614002 [debug] [Thread-1 (]: Timing info for test.my_dbt_project.unique_stg_listings_listing_id.dd41b56440 (execute): 03:10:20.649697 => 03:10:22.614002
[0m03:10:22.615002 [debug] [Thread-1 (]: On test.my_dbt_project.unique_stg_listings_listing_id.dd41b56440: ROLLBACK
[0m03:10:22.783196 [debug] [Thread-1 (]: On test.my_dbt_project.unique_stg_listings_listing_id.dd41b56440: Close
[0m03:10:22.785339 [info ] [Thread-1 (]: 5 of 5 PASS unique_stg_listings_listing_id ..................................... [[32mPASS[0m in 2.15s]
[0m03:10:22.786332 [debug] [Thread-1 (]: Finished running node test.my_dbt_project.unique_stg_listings_listing_id.dd41b56440
[0m03:10:22.789333 [debug] [MainThread]: Using mysql connection "master"
[0m03:10:22.790325 [debug] [MainThread]: On master: BEGIN
[0m03:10:22.790325 [debug] [MainThread]: Opening a new connection, currently in state closed
[0m03:10:24.434137 [debug] [MainThread]: SQL status: SUCCESS 0 in 2.0 seconds
[0m03:10:24.435347 [debug] [MainThread]: On master: COMMIT
[0m03:10:24.436351 [debug] [MainThread]: Using mysql connection "master"
[0m03:10:24.437351 [debug] [MainThread]: On master: COMMIT
[0m03:10:24.774187 [debug] [MainThread]: SQL status: SUCCESS 0 in 0.0 seconds
[0m03:10:24.775180 [debug] [MainThread]: On master: Close
[0m03:10:24.777178 [debug] [MainThread]: Connection 'master' was properly closed.
[0m03:10:24.777178 [debug] [MainThread]: Connection 'list_None_staging' was properly closed.
[0m03:10:24.778178 [debug] [MainThread]: Connection 'test.my_dbt_project.unique_stg_listings_listing_id.dd41b56440' was properly closed.
[0m03:10:24.779177 [info ] [MainThread]: 
[0m03:10:24.779789 [info ] [MainThread]: Finished running 5 tests in 0 hours 0 minutes and 19.08 seconds (19.08s).
[0m03:10:24.782817 [debug] [MainThread]: Command end result
[0m03:10:24.795016 [info ] [MainThread]: 
[0m03:10:24.797030 [info ] [MainThread]: [32mCompleted successfully[0m
[0m03:10:24.798021 [info ] [MainThread]: 
[0m03:10:24.800023 [info ] [MainThread]: Done. PASS=5 WARN=0 ERROR=0 SKIP=0 TOTAL=5
[0m03:10:24.803022 [debug] [MainThread]: Command `dbt test` succeeded at 03:10:24.802017 after 20.07 seconds
[0m03:10:24.805019 [debug] [MainThread]: Sending event: {'category': 'dbt', 'action': 'invocation', 'label': 'end', 'context': [<snowplow_tracker.self_describing_json.SelfDescribingJson object at 0x0000018EA9729DF0>, <snowplow_tracker.self_describing_json.SelfDescribingJson object at 0x0000018EA9934D70>, <snowplow_tracker.self_describing_json.SelfDescribingJson object at 0x0000018EA98080B0>]}
[0m03:10:24.807022 [debug] [MainThread]: Flushing usage events
[0m03:58:41.133224 [debug] [MainThread]: Sending event: {'category': 'dbt', 'action': 'invocation', 'label': 'start', 'context': [<snowplow_tracker.self_describing_json.SelfDescribingJson object at 0x000002AFDBDCCEF0>, <snowplow_tracker.self_describing_json.SelfDescribingJson object at 0x000002AFDBDCD220>, <snowplow_tracker.self_describing_json.SelfDescribingJson object at 0x000002AFDBDCCDA0>]}


============================== 03:58:41.142421 | 9d83e554-0653-4f32-9ad1-5014d40d518e ==============================
[0m03:58:41.142421 [info ] [MainThread]: Running with dbt=1.7.19
[0m03:58:41.144421 [debug] [MainThread]: running dbt with arguments {'printer_width': '80', 'indirect_selection': 'eager', 'write_json': 'True', 'log_cache_events': 'False', 'partial_parse': 'True', 'cache_selected_only': 'False', 'profiles_dir': 'C:\\Users\\tinch\\.dbt', 'fail_fast': 'False', 'warn_error': 'None', 'log_path': 'C:\\Users\\tinch\\OneDrive\\Escritorio\\HENRY\\M3\\M3ProyectoIntegrador\\logs', 'debug': 'False', 'version_check': 'True', 'use_colors': 'True', 'use_experimental_parser': 'False', 'no_print': 'None', 'quiet': 'False', 'warn_error_options': 'WarnErrorOptions(include=[], exclude=[])', 'invocation_command': 'dbt clean', 'log_format': 'default', 'introspect': 'True', 'target_path': 'None', 'static_parser': 'True', 'send_anonymous_usage_stats': 'True'}
[0m03:58:41.408317 [debug] [MainThread]: Sending event: {'category': 'dbt', 'action': 'project_id', 'label': '9d83e554-0653-4f32-9ad1-5014d40d518e', 'context': [<snowplow_tracker.self_describing_json.SelfDescribingJson object at 0x000002AFDBE4B530>]}
[0m03:58:41.443323 [debug] [MainThread]: Command `dbt clean` succeeded at 03:58:41.443323 after 0.75 seconds
[0m03:58:41.444324 [debug] [MainThread]: Sending event: {'category': 'dbt', 'action': 'invocation', 'label': 'end', 'context': [<snowplow_tracker.self_describing_json.SelfDescribingJson object at 0x000002AFDBAEEFF0>, <snowplow_tracker.self_describing_json.SelfDescribingJson object at 0x000002AFDBE4B410>, <snowplow_tracker.self_describing_json.SelfDescribingJson object at 0x000002AFDBE49C40>]}
[0m03:58:41.446322 [debug] [MainThread]: Flushing usage events
[0m03:59:12.690020 [debug] [MainThread]: Sending event: {'category': 'dbt', 'action': 'invocation', 'label': 'start', 'context': [<snowplow_tracker.self_describing_json.SelfDescribingJson object at 0x000001DCA274D970>, <snowplow_tracker.self_describing_json.SelfDescribingJson object at 0x000001DCA274EA80>, <snowplow_tracker.self_describing_json.SelfDescribingJson object at 0x000001DCA274E5A0>]}


============================== 03:59:12.698030 | f83a702d-a533-4904-95fa-c7279a66d756 ==============================
[0m03:59:12.698030 [info ] [MainThread]: Running with dbt=1.7.19
[0m03:59:12.699676 [debug] [MainThread]: running dbt with arguments {'printer_width': '80', 'indirect_selection': 'eager', 'write_json': 'True', 'log_cache_events': 'False', 'partial_parse': 'True', 'cache_selected_only': 'False', 'warn_error': 'None', 'debug': 'False', 'version_check': 'True', 'log_path': 'C:\\Users\\tinch\\OneDrive\\Escritorio\\HENRY\\M3\\M3ProyectoIntegrador\\logs', 'fail_fast': 'False', 'profiles_dir': 'C:\\Users\\tinch\\.dbt', 'use_colors': 'True', 'use_experimental_parser': 'False', 'no_print': 'None', 'quiet': 'False', 'log_format': 'default', 'introspect': 'True', 'warn_error_options': 'WarnErrorOptions(include=[], exclude=[])', 'invocation_command': 'dbt run', 'target_path': 'None', 'static_parser': 'True', 'send_anonymous_usage_stats': 'True'}
[0m03:59:13.095898 [debug] [MainThread]: Sending event: {'category': 'dbt', 'action': 'project_id', 'label': 'f83a702d-a533-4904-95fa-c7279a66d756', 'context': [<snowplow_tracker.self_describing_json.SelfDescribingJson object at 0x000001DCA271D190>]}
[0m03:59:13.198269 [debug] [MainThread]: Sending event: {'category': 'dbt', 'action': 'adapter_info', 'label': 'f83a702d-a533-4904-95fa-c7279a66d756', 'context': [<snowplow_tracker.self_describing_json.SelfDescribingJson object at 0x000001DCA3ABFE30>]}
[0m03:59:13.200261 [info ] [MainThread]: Registered adapter: mysql=1.7.0
[0m03:59:13.218266 [debug] [MainThread]: checksum: a8d43cdff37d0f32d7fbe4c5c25bea4bb6c86e162f8ce8fdb1a38cdcf7495431, vars: {}, profile: , target: , version: 1.7.19
[0m03:59:13.221268 [info ] [MainThread]: Unable to do partial parsing because saved manifest not found. Starting full parse.
[0m03:59:13.222270 [debug] [MainThread]: Sending event: {'category': 'dbt', 'action': 'partial_parser', 'label': 'f83a702d-a533-4904-95fa-c7279a66d756', 'context': [<snowplow_tracker.self_describing_json.SelfDescribingJson object at 0x000001DCA274DD60>]}
[0m03:59:14.962885 [debug] [MainThread]: Sending event: {'category': 'dbt', 'action': 'load_project', 'label': 'f83a702d-a533-4904-95fa-c7279a66d756', 'context': [<snowplow_tracker.self_describing_json.SelfDescribingJson object at 0x000001DCA3BF9880>]}
[0m03:59:14.988580 [debug] [MainThread]: Sending event: {'category': 'dbt', 'action': 'resource_counts', 'label': 'f83a702d-a533-4904-95fa-c7279a66d756', 'context': [<snowplow_tracker.self_describing_json.SelfDescribingJson object at 0x000001DCA3F03680>]}
[0m03:59:14.989578 [info ] [MainThread]: Found 6 models, 9 tests, 2 sources, 0 exposures, 0 metrics, 376 macros, 0 groups, 0 semantic models
[0m03:59:14.991582 [debug] [MainThread]: Sending event: {'category': 'dbt', 'action': 'runnable_timing', 'label': 'f83a702d-a533-4904-95fa-c7279a66d756', 'context': [<snowplow_tracker.self_describing_json.SelfDescribingJson object at 0x000001DCA3D6F920>]}
[0m03:59:14.996579 [info ] [MainThread]: 
[0m03:59:14.998593 [debug] [MainThread]: Acquiring new mysql connection 'master'
[0m03:59:15.002588 [debug] [ThreadPool]: Acquiring new mysql connection 'list_schemas'
[0m03:59:15.020588 [debug] [ThreadPool]: Using mysql connection "list_schemas"
[0m03:59:15.021579 [debug] [ThreadPool]: On list_schemas: /* {"app": "dbt", "dbt_version": "1.7.19", "profile_name": "my_dbt_profile", "target_name": "dev", "connection_name": "list_schemas"} */
select distinct schema_name
        from information_schema.schemata
[0m03:59:15.022579 [debug] [ThreadPool]: Opening a new connection, currently in state init
[0m03:59:17.766183 [debug] [ThreadPool]: SQL status: SUCCESS 5 in 3.0 seconds
[0m03:59:17.769184 [debug] [ThreadPool]: On list_schemas: Close
[0m03:59:17.777183 [debug] [ThreadPool]: Using mysql connection "list_schemas"
[0m03:59:17.778192 [debug] [ThreadPool]: On list_schemas: /* {"app": "dbt", "dbt_version": "1.7.19", "profile_name": "my_dbt_profile", "target_name": "dev", "connection_name": "list_schemas"} */
select distinct schema_name
        from information_schema.schemata
[0m03:59:17.778192 [debug] [ThreadPool]: Opening a new connection, currently in state closed
[0m03:59:19.310639 [debug] [ThreadPool]: SQL status: SUCCESS 5 in 2.0 seconds
[0m03:59:19.314556 [debug] [ThreadPool]: On list_schemas: Close
[0m03:59:19.317561 [debug] [ThreadPool]: Re-using an available connection from the pool (formerly list_schemas, now create__staging)
[0m03:59:19.319553 [debug] [ThreadPool]: Creating schema "schema: "staging"
"
[0m03:59:19.326554 [debug] [ThreadPool]: Using mysql connection "create__staging"
[0m03:59:19.327558 [debug] [ThreadPool]: On create__staging: BEGIN
[0m03:59:19.328557 [debug] [ThreadPool]: Opening a new connection, currently in state closed
[0m03:59:20.849178 [debug] [ThreadPool]: SQL status: SUCCESS 0 in 2.0 seconds
[0m03:59:20.850176 [debug] [ThreadPool]: Using mysql connection "create__staging"
[0m03:59:20.850176 [debug] [ThreadPool]: On create__staging: /* {"app": "dbt", "dbt_version": "1.7.19", "profile_name": "my_dbt_profile", "target_name": "dev", "connection_name": "create__staging"} */
create schema if not exists `staging`
[0m03:59:21.188646 [debug] [ThreadPool]: SQL status: SUCCESS 1 in 0.0 seconds
[0m03:59:21.190642 [debug] [ThreadPool]: On create__staging: COMMIT
[0m03:59:21.191643 [debug] [ThreadPool]: Using mysql connection "create__staging"
[0m03:59:21.192645 [debug] [ThreadPool]: On create__staging: COMMIT
[0m03:59:21.520510 [debug] [ThreadPool]: SQL status: SUCCESS 0 in 0.0 seconds
[0m03:59:21.521832 [debug] [ThreadPool]: On create__staging: Close
[0m03:59:21.524828 [debug] [ThreadPool]: Re-using an available connection from the pool (formerly create__staging, now create__core)
[0m03:59:21.526828 [debug] [ThreadPool]: Creating schema "schema: "core"
"
[0m03:59:21.529828 [debug] [ThreadPool]: Using mysql connection "create__core"
[0m03:59:21.530829 [debug] [ThreadPool]: On create__core: BEGIN
[0m03:59:21.530829 [debug] [ThreadPool]: Opening a new connection, currently in state closed
[0m03:59:24.263395 [debug] [ThreadPool]: SQL status: SUCCESS 0 in 3.0 seconds
[0m03:59:24.265393 [debug] [ThreadPool]: Using mysql connection "create__core"
[0m03:59:24.266402 [debug] [ThreadPool]: On create__core: /* {"app": "dbt", "dbt_version": "1.7.19", "profile_name": "my_dbt_profile", "target_name": "dev", "connection_name": "create__core"} */
create schema if not exists `core`
[0m03:59:24.618351 [debug] [ThreadPool]: SQL status: SUCCESS 1 in 0.0 seconds
[0m03:59:24.620487 [debug] [ThreadPool]: On create__core: COMMIT
[0m03:59:24.621484 [debug] [ThreadPool]: Using mysql connection "create__core"
[0m03:59:24.622484 [debug] [ThreadPool]: On create__core: COMMIT
[0m03:59:24.967728 [debug] [ThreadPool]: SQL status: SUCCESS 0 in 0.0 seconds
[0m03:59:24.968733 [debug] [ThreadPool]: On create__core: Close
[0m03:59:24.972719 [debug] [ThreadPool]: Acquiring new mysql connection 'list_None_staging'
[0m03:59:24.980716 [debug] [ThreadPool]: Using mysql connection "list_None_staging"
[0m03:59:24.981717 [debug] [ThreadPool]: On list_None_staging: BEGIN
[0m03:59:24.982718 [debug] [ThreadPool]: Opening a new connection, currently in state init
[0m03:59:27.585909 [debug] [ThreadPool]: SQL status: SUCCESS 0 in 3.0 seconds
[0m03:59:27.586918 [debug] [ThreadPool]: Using mysql connection "list_None_staging"
[0m03:59:27.587914 [debug] [ThreadPool]: On list_None_staging: /* {"app": "dbt", "dbt_version": "1.7.19", "profile_name": "my_dbt_profile", "target_name": "dev", "connection_name": "list_None_staging"} */
select
      null as "database",
      table_name as name,
      table_schema as "schema",
      case when table_type = 'BASE TABLE' then 'table'
           when table_type = 'VIEW' then 'view'
           else table_type
      end as table_type
    from information_schema.tables
    where table_schema = 'staging'
  
[0m03:59:27.943021 [debug] [ThreadPool]: SQL status: SUCCESS 0 in 0.0 seconds
[0m03:59:27.945026 [debug] [ThreadPool]: On list_None_staging: ROLLBACK
[0m03:59:28.120009 [debug] [ThreadPool]: On list_None_staging: Close
[0m03:59:28.122889 [debug] [ThreadPool]: Re-using an available connection from the pool (formerly list_None_staging, now list_None_core)
[0m03:59:28.127890 [debug] [ThreadPool]: Using mysql connection "list_None_core"
[0m03:59:28.128889 [debug] [ThreadPool]: On list_None_core: BEGIN
[0m03:59:28.129893 [debug] [ThreadPool]: Opening a new connection, currently in state closed
[0m03:59:29.915068 [debug] [ThreadPool]: SQL status: SUCCESS 0 in 2.0 seconds
[0m03:59:29.917555 [debug] [ThreadPool]: Using mysql connection "list_None_core"
[0m03:59:29.918556 [debug] [ThreadPool]: On list_None_core: /* {"app": "dbt", "dbt_version": "1.7.19", "profile_name": "my_dbt_profile", "target_name": "dev", "connection_name": "list_None_core"} */
select
      null as "database",
      table_name as name,
      table_schema as "schema",
      case when table_type = 'BASE TABLE' then 'table'
           when table_type = 'VIEW' then 'view'
           else table_type
      end as table_type
    from information_schema.tables
    where table_schema = 'core'
  
[0m03:59:30.268399 [debug] [ThreadPool]: SQL status: SUCCESS 0 in 0.0 seconds
[0m03:59:30.270404 [debug] [ThreadPool]: On list_None_core: ROLLBACK
[0m03:59:30.443433 [debug] [ThreadPool]: On list_None_core: Close
[0m03:59:30.447430 [debug] [MainThread]: Sending event: {'category': 'dbt', 'action': 'runnable_timing', 'label': 'f83a702d-a533-4904-95fa-c7279a66d756', 'context': [<snowplow_tracker.self_describing_json.SelfDescribingJson object at 0x000001DCA3F021E0>]}
[0m03:59:30.448428 [debug] [MainThread]: Using mysql connection "master"
[0m03:59:30.449430 [debug] [MainThread]: On master: BEGIN
[0m03:59:30.450620 [debug] [MainThread]: Opening a new connection, currently in state init
[0m03:59:32.121264 [debug] [MainThread]: SQL status: SUCCESS 0 in 2.0 seconds
[0m03:59:32.123272 [debug] [MainThread]: On master: COMMIT
[0m03:59:32.123272 [debug] [MainThread]: Using mysql connection "master"
[0m03:59:32.124271 [debug] [MainThread]: On master: COMMIT
[0m03:59:32.476585 [debug] [MainThread]: SQL status: SUCCESS 0 in 0.0 seconds
[0m03:59:32.477573 [debug] [MainThread]: On master: Close
[0m03:59:32.479575 [info ] [MainThread]: Concurrency: 1 threads (target='dev')
[0m03:59:32.480577 [info ] [MainThread]: 
[0m03:59:32.493118 [debug] [Thread-1 (]: Began running node model.my_dbt_project.stg_cotizaciones
[0m03:59:32.495119 [info ] [Thread-1 (]: 1 of 6 START sql view model staging.stg_cotizaciones ........................... [RUN]
[0m03:59:32.497124 [debug] [Thread-1 (]: Acquiring new mysql connection 'model.my_dbt_project.stg_cotizaciones'
[0m03:59:32.498122 [debug] [Thread-1 (]: Began compiling node model.my_dbt_project.stg_cotizaciones
[0m03:59:32.513114 [debug] [Thread-1 (]: Writing injected SQL for node "model.my_dbt_project.stg_cotizaciones"
[0m03:59:32.518118 [debug] [Thread-1 (]: Timing info for model.my_dbt_project.stg_cotizaciones (compile): 03:59:32.499121 => 03:59:32.517121
[0m03:59:32.519118 [debug] [Thread-1 (]: Began executing node model.my_dbt_project.stg_cotizaciones
[0m03:59:32.576114 [debug] [Thread-1 (]: Writing runtime sql for node "model.my_dbt_project.stg_cotizaciones"
[0m03:59:32.580120 [debug] [Thread-1 (]: Using mysql connection "model.my_dbt_project.stg_cotizaciones"
[0m03:59:32.581122 [debug] [Thread-1 (]: On model.my_dbt_project.stg_cotizaciones: BEGIN
[0m03:59:32.582118 [debug] [Thread-1 (]: Opening a new connection, currently in state init
[0m03:59:42.330167 [debug] [Thread-1 (]: SQL status: SUCCESS 0 in 10.0 seconds
[0m03:59:42.331147 [debug] [Thread-1 (]: Using mysql connection "model.my_dbt_project.stg_cotizaciones"
[0m03:59:42.332147 [debug] [Thread-1 (]: On model.my_dbt_project.stg_cotizaciones: /* {"app": "dbt", "dbt_version": "1.7.19", "profile_name": "my_dbt_profile", "target_name": "dev", "node_id": "model.my_dbt_project.stg_cotizaciones"} */

  create view `staging`.`stg_cotizaciones__dbt_tmp`
    
    
  as (
    -- models/stg_cotizacion.sql

with source as (
    select * from `raw`.`mysql_currency_raw`
),

casted as (

    select
        -- En MySQL se usa CAST. Si falla, devuelve NULL o error según el modo.
        cast(fecha as date) as fecha,
        cast(cotizacion_en_pesos as decimal(10,2)) as cotizacion_en_pesos
    from source

),

filtered as (

    select *
    from casted
    where fecha is not null
      and cotizacion_en_pesos is not null

)

select * from filtered
  );
[0m03:59:42.674185 [debug] [Thread-1 (]: SQL status: SUCCESS 0 in 0.0 seconds
[0m03:59:42.685486 [debug] [Thread-1 (]: Using mysql connection "model.my_dbt_project.stg_cotizaciones"
[0m03:59:42.686482 [debug] [Thread-1 (]: On model.my_dbt_project.stg_cotizaciones: /* {"app": "dbt", "dbt_version": "1.7.19", "profile_name": "my_dbt_profile", "target_name": "dev", "node_id": "model.my_dbt_project.stg_cotizaciones"} */

    drop view if exists `staging`.`stg_cotizaciones` cascade
  
[0m03:59:43.018436 [debug] [Thread-1 (]: SQL status: SUCCESS 0 in 0.0 seconds
[0m03:59:43.020617 [debug] [Thread-1 (]: Using mysql connection "model.my_dbt_project.stg_cotizaciones"
[0m03:59:43.021617 [debug] [Thread-1 (]: On model.my_dbt_project.stg_cotizaciones: /* {"app": "dbt", "dbt_version": "1.7.19", "profile_name": "my_dbt_profile", "target_name": "dev", "node_id": "model.my_dbt_project.stg_cotizaciones"} */

    rename table `staging`.`stg_cotizaciones__dbt_tmp` to `staging`.`stg_cotizaciones`
  
[0m03:59:43.358678 [debug] [Thread-1 (]: SQL status: SUCCESS 0 in 0.0 seconds
[0m03:59:43.385912 [debug] [Thread-1 (]: On model.my_dbt_project.stg_cotizaciones: COMMIT
[0m03:59:43.386915 [debug] [Thread-1 (]: Using mysql connection "model.my_dbt_project.stg_cotizaciones"
[0m03:59:43.386915 [debug] [Thread-1 (]: On model.my_dbt_project.stg_cotizaciones: COMMIT
[0m03:59:43.721518 [debug] [Thread-1 (]: SQL status: SUCCESS 0 in 0.0 seconds
[0m03:59:43.730512 [debug] [Thread-1 (]: Using mysql connection "model.my_dbt_project.stg_cotizaciones"
[0m03:59:43.731512 [debug] [Thread-1 (]: On model.my_dbt_project.stg_cotizaciones: /* {"app": "dbt", "dbt_version": "1.7.19", "profile_name": "my_dbt_profile", "target_name": "dev", "node_id": "model.my_dbt_project.stg_cotizaciones"} */
drop view if exists `staging`.`stg_cotizaciones__dbt_backup`
[0m03:59:44.063521 [debug] [Thread-1 (]: SQL status: SUCCESS 0 in 0.0 seconds
[0m03:59:44.067526 [debug] [Thread-1 (]: Timing info for model.my_dbt_project.stg_cotizaciones (execute): 03:59:32.520118 => 03:59:44.066517
[0m03:59:44.068523 [debug] [Thread-1 (]: On model.my_dbt_project.stg_cotizaciones: Close
[0m03:59:44.071526 [debug] [Thread-1 (]: Sending event: {'category': 'dbt', 'action': 'run_model', 'label': 'f83a702d-a533-4904-95fa-c7279a66d756', 'context': [<snowplow_tracker.self_describing_json.SelfDescribingJson object at 0x000001DCA3BE6570>]}
[0m03:59:44.072517 [info ] [Thread-1 (]: 1 of 6 OK created sql view model staging.stg_cotizaciones ...................... [[32mSUCCESS 0[0m in 11.58s]
[0m03:59:44.074519 [debug] [Thread-1 (]: Finished running node model.my_dbt_project.stg_cotizaciones
[0m03:59:44.075522 [debug] [Thread-1 (]: Began running node model.my_dbt_project.stg_listings
[0m03:59:44.077523 [info ] [Thread-1 (]: 2 of 6 START sql view model staging.stg_listings ............................... [RUN]
[0m03:59:44.079514 [debug] [Thread-1 (]: Re-using an available connection from the pool (formerly model.my_dbt_project.stg_cotizaciones, now model.my_dbt_project.stg_listings)
[0m03:59:44.080518 [debug] [Thread-1 (]: Began compiling node model.my_dbt_project.stg_listings
[0m03:59:44.088219 [debug] [Thread-1 (]: Writing injected SQL for node "model.my_dbt_project.stg_listings"
[0m03:59:44.090218 [debug] [Thread-1 (]: Timing info for model.my_dbt_project.stg_listings (compile): 03:59:44.081515 => 03:59:44.089214
[0m03:59:44.091222 [debug] [Thread-1 (]: Began executing node model.my_dbt_project.stg_listings
[0m03:59:44.098221 [debug] [Thread-1 (]: Writing runtime sql for node "model.my_dbt_project.stg_listings"
[0m03:59:44.102220 [debug] [Thread-1 (]: Using mysql connection "model.my_dbt_project.stg_listings"
[0m03:59:44.103218 [debug] [Thread-1 (]: On model.my_dbt_project.stg_listings: BEGIN
[0m03:59:44.104216 [debug] [Thread-1 (]: Opening a new connection, currently in state closed
[0m03:59:46.931613 [debug] [Thread-1 (]: SQL status: SUCCESS 0 in 3.0 seconds
[0m03:59:46.932611 [debug] [Thread-1 (]: Using mysql connection "model.my_dbt_project.stg_listings"
[0m03:59:46.933609 [debug] [Thread-1 (]: On model.my_dbt_project.stg_listings: /* {"app": "dbt", "dbt_version": "1.7.19", "profile_name": "my_dbt_profile", "target_name": "dev", "node_id": "model.my_dbt_project.stg_listings"} */

  create view `staging`.`stg_listings__dbt_tmp`
    
    
  as (
    -- models/stg_listings.sql

with source as (
    select * from `raw`.`mysql_csv_raw`
),

casted as (
    select
        cast(id as unsigned) as listing_id,
        name,
        cast(host_id as unsigned) as host_id,
        host_name,
        neighbourhood_group,
        neighbourhood,
        cast(latitude as decimal(10,8)) as latitude,
        cast(longitude as decimal(11,8)) as longitude,
        room_type,
        cast(price as decimal(10,2)) as price,
        cast(minimum_nights as unsigned) as minimum_nights,
        cast(number_of_reviews as unsigned) as number_of_reviews,
        cast(last_review as date) as last_review,
        cast(reviews_per_month as decimal(10,2)) as reviews_per_month,
        cast(availability_365 as unsigned) as availability_365
    from source
    where last_review is not null 
      and last_review != '' -- Filtro extra por si vienen strings vacíos
)

select * from casted
  );
[0m03:59:47.287320 [debug] [Thread-1 (]: SQL status: SUCCESS 0 in 0.0 seconds
[0m03:59:47.294317 [debug] [Thread-1 (]: Using mysql connection "model.my_dbt_project.stg_listings"
[0m03:59:47.295320 [debug] [Thread-1 (]: On model.my_dbt_project.stg_listings: /* {"app": "dbt", "dbt_version": "1.7.19", "profile_name": "my_dbt_profile", "target_name": "dev", "node_id": "model.my_dbt_project.stg_listings"} */

    drop view if exists `staging`.`stg_listings` cascade
  
[0m03:59:47.642756 [debug] [Thread-1 (]: SQL status: SUCCESS 0 in 0.0 seconds
[0m03:59:47.645756 [debug] [Thread-1 (]: Using mysql connection "model.my_dbt_project.stg_listings"
[0m03:59:47.646759 [debug] [Thread-1 (]: On model.my_dbt_project.stg_listings: /* {"app": "dbt", "dbt_version": "1.7.19", "profile_name": "my_dbt_profile", "target_name": "dev", "node_id": "model.my_dbt_project.stg_listings"} */

    rename table `staging`.`stg_listings__dbt_tmp` to `staging`.`stg_listings`
  
[0m03:59:47.999916 [debug] [Thread-1 (]: SQL status: SUCCESS 0 in 0.0 seconds
[0m03:59:48.003352 [debug] [Thread-1 (]: On model.my_dbt_project.stg_listings: COMMIT
[0m03:59:48.005347 [debug] [Thread-1 (]: Using mysql connection "model.my_dbt_project.stg_listings"
[0m03:59:48.006349 [debug] [Thread-1 (]: On model.my_dbt_project.stg_listings: COMMIT
[0m03:59:48.351662 [debug] [Thread-1 (]: SQL status: SUCCESS 0 in 0.0 seconds
[0m03:59:48.358834 [debug] [Thread-1 (]: Using mysql connection "model.my_dbt_project.stg_listings"
[0m03:59:48.359834 [debug] [Thread-1 (]: On model.my_dbt_project.stg_listings: /* {"app": "dbt", "dbt_version": "1.7.19", "profile_name": "my_dbt_profile", "target_name": "dev", "node_id": "model.my_dbt_project.stg_listings"} */
drop view if exists `staging`.`stg_listings__dbt_backup`
[0m03:59:48.705036 [debug] [Thread-1 (]: SQL status: SUCCESS 0 in 0.0 seconds
[0m03:59:48.708036 [debug] [Thread-1 (]: Timing info for model.my_dbt_project.stg_listings (execute): 03:59:44.091222 => 03:59:48.707036
[0m03:59:48.709036 [debug] [Thread-1 (]: On model.my_dbt_project.stg_listings: Close
[0m03:59:48.711037 [debug] [Thread-1 (]: Sending event: {'category': 'dbt', 'action': 'run_model', 'label': 'f83a702d-a533-4904-95fa-c7279a66d756', 'context': [<snowplow_tracker.self_describing_json.SelfDescribingJson object at 0x000001DCA3D57200>]}
[0m03:59:48.713041 [info ] [Thread-1 (]: 2 of 6 OK created sql view model staging.stg_listings .......................... [[32mSUCCESS 0[0m in 4.63s]
[0m03:59:48.716043 [debug] [Thread-1 (]: Finished running node model.my_dbt_project.stg_listings
[0m03:59:48.717054 [debug] [Thread-1 (]: Began running node model.my_dbt_project.dim_cotizacion_dolar
[0m03:59:48.718048 [info ] [Thread-1 (]: 3 of 6 START sql incremental model core.dim_cotizacion_dolar ................... [RUN]
[0m03:59:48.720046 [debug] [Thread-1 (]: Re-using an available connection from the pool (formerly model.my_dbt_project.stg_listings, now model.my_dbt_project.dim_cotizacion_dolar)
[0m03:59:48.722049 [debug] [Thread-1 (]: Began compiling node model.my_dbt_project.dim_cotizacion_dolar
[0m03:59:48.728045 [debug] [Thread-1 (]: Writing injected SQL for node "model.my_dbt_project.dim_cotizacion_dolar"
[0m03:59:48.731046 [debug] [Thread-1 (]: Timing info for model.my_dbt_project.dim_cotizacion_dolar (compile): 03:59:48.722049 => 03:59:48.730043
[0m03:59:48.732046 [debug] [Thread-1 (]: Began executing node model.my_dbt_project.dim_cotizacion_dolar
[0m03:59:48.766044 [debug] [Thread-1 (]: Writing runtime sql for node "model.my_dbt_project.dim_cotizacion_dolar"
[0m03:59:48.769042 [debug] [Thread-1 (]: Using mysql connection "model.my_dbt_project.dim_cotizacion_dolar"
[0m03:59:48.771034 [debug] [Thread-1 (]: On model.my_dbt_project.dim_cotizacion_dolar: BEGIN
[0m03:59:48.772036 [debug] [Thread-1 (]: Opening a new connection, currently in state closed
[0m03:59:50.293120 [debug] [Thread-1 (]: SQL status: SUCCESS 0 in 2.0 seconds
[0m03:59:50.294116 [debug] [Thread-1 (]: Using mysql connection "model.my_dbt_project.dim_cotizacion_dolar"
[0m03:59:50.295116 [debug] [Thread-1 (]: On model.my_dbt_project.dim_cotizacion_dolar: /* {"app": "dbt", "dbt_version": "1.7.19", "profile_name": "my_dbt_profile", "target_name": "dev", "node_id": "model.my_dbt_project.dim_cotizacion_dolar"} */

      
  
    

  create  table
    `core`.`dim_cotizacion_dolar`
    
    
      as
    
    (
      

select 
    fecha,
    cotizacion_en_pesos
from `staging`.`stg_cotizaciones`

    )

  
  
[0m03:59:50.719057 [debug] [Thread-1 (]: SQL status: SUCCESS 1 in 0.0 seconds
[0m03:59:50.722061 [debug] [Thread-1 (]: On model.my_dbt_project.dim_cotizacion_dolar: COMMIT
[0m03:59:50.723061 [debug] [Thread-1 (]: Using mysql connection "model.my_dbt_project.dim_cotizacion_dolar"
[0m03:59:50.723061 [debug] [Thread-1 (]: On model.my_dbt_project.dim_cotizacion_dolar: COMMIT
[0m03:59:51.057078 [debug] [Thread-1 (]: SQL status: SUCCESS 0 in 0.0 seconds
[0m03:59:51.059081 [debug] [Thread-1 (]: Timing info for model.my_dbt_project.dim_cotizacion_dolar (execute): 03:59:48.733046 => 03:59:51.059081
[0m03:59:51.060079 [debug] [Thread-1 (]: On model.my_dbt_project.dim_cotizacion_dolar: Close
[0m03:59:51.063074 [debug] [Thread-1 (]: Sending event: {'category': 'dbt', 'action': 'run_model', 'label': 'f83a702d-a533-4904-95fa-c7279a66d756', 'context': [<snowplow_tracker.self_describing_json.SelfDescribingJson object at 0x000001DCA3D2D4F0>]}
[0m03:59:51.064076 [info ] [Thread-1 (]: 3 of 6 OK created sql incremental model core.dim_cotizacion_dolar .............. [[32mSUCCESS 1[0m in 2.34s]
[0m03:59:51.067071 [debug] [Thread-1 (]: Finished running node model.my_dbt_project.dim_cotizacion_dolar
[0m03:59:51.068076 [debug] [Thread-1 (]: Began running node model.my_dbt_project.dim_neighbourhoods
[0m03:59:51.069075 [info ] [Thread-1 (]: 4 of 6 START sql table model core.dim_neighbourhoods ........................... [RUN]
[0m03:59:51.072088 [debug] [Thread-1 (]: Re-using an available connection from the pool (formerly model.my_dbt_project.dim_cotizacion_dolar, now model.my_dbt_project.dim_neighbourhoods)
[0m03:59:51.074077 [debug] [Thread-1 (]: Began compiling node model.my_dbt_project.dim_neighbourhoods
[0m03:59:51.080083 [debug] [Thread-1 (]: Writing injected SQL for node "model.my_dbt_project.dim_neighbourhoods"
[0m03:59:51.084083 [debug] [Thread-1 (]: Timing info for model.my_dbt_project.dim_neighbourhoods (compile): 03:59:51.075080 => 03:59:51.083078
[0m03:59:51.086078 [debug] [Thread-1 (]: Began executing node model.my_dbt_project.dim_neighbourhoods
[0m03:59:51.117078 [debug] [Thread-1 (]: Writing runtime sql for node "model.my_dbt_project.dim_neighbourhoods"
[0m03:59:51.120079 [debug] [Thread-1 (]: Using mysql connection "model.my_dbt_project.dim_neighbourhoods"
[0m03:59:51.122074 [debug] [Thread-1 (]: On model.my_dbt_project.dim_neighbourhoods: BEGIN
[0m03:59:51.123074 [debug] [Thread-1 (]: Opening a new connection, currently in state closed
[0m03:59:52.811022 [debug] [Thread-1 (]: SQL status: SUCCESS 0 in 2.0 seconds
[0m03:59:52.812021 [debug] [Thread-1 (]: Using mysql connection "model.my_dbt_project.dim_neighbourhoods"
[0m03:59:52.813018 [debug] [Thread-1 (]: On model.my_dbt_project.dim_neighbourhoods: /* {"app": "dbt", "dbt_version": "1.7.19", "profile_name": "my_dbt_profile", "target_name": "dev", "node_id": "model.my_dbt_project.dim_neighbourhoods"} */

  
    

  create  table
    `core`.`dim_neighbourhoods__dbt_tmp`
    
    
      as
    
    (
      

with distinct_neighbourhood as (
select distinct
    neighbourhood,
    neighbourhood_group
from `staging`.`stg_listings`
)

select
    row_number() over (order by neighbourhood, neighbourhood_group) as id_neighbourhood,
    neighbourhood,
    neighbourhood_group
from distinct_neighbourhood
    )

  
[0m03:59:53.265822 [debug] [Thread-1 (]: SQL status: SUCCESS 218 in 0.0 seconds
[0m03:59:53.270815 [debug] [Thread-1 (]: Using mysql connection "model.my_dbt_project.dim_neighbourhoods"
[0m03:59:53.271815 [debug] [Thread-1 (]: On model.my_dbt_project.dim_neighbourhoods: /* {"app": "dbt", "dbt_version": "1.7.19", "profile_name": "my_dbt_profile", "target_name": "dev", "node_id": "model.my_dbt_project.dim_neighbourhoods"} */

    drop table if exists `core`.`dim_neighbourhoods` cascade
  
[0m03:59:53.605816 [debug] [Thread-1 (]: SQL status: SUCCESS 0 in 0.0 seconds
[0m03:59:53.608816 [debug] [Thread-1 (]: Using mysql connection "model.my_dbt_project.dim_neighbourhoods"
[0m03:59:53.609818 [debug] [Thread-1 (]: On model.my_dbt_project.dim_neighbourhoods: /* {"app": "dbt", "dbt_version": "1.7.19", "profile_name": "my_dbt_profile", "target_name": "dev", "node_id": "model.my_dbt_project.dim_neighbourhoods"} */

    rename table `core`.`dim_neighbourhoods__dbt_tmp` to `core`.`dim_neighbourhoods`
  
[0m03:59:53.954626 [debug] [Thread-1 (]: SQL status: SUCCESS 0 in 0.0 seconds
[0m03:59:53.963632 [debug] [Thread-1 (]: On model.my_dbt_project.dim_neighbourhoods: COMMIT
[0m03:59:53.964633 [debug] [Thread-1 (]: Using mysql connection "model.my_dbt_project.dim_neighbourhoods"
[0m03:59:53.965635 [debug] [Thread-1 (]: On model.my_dbt_project.dim_neighbourhoods: COMMIT
[0m03:59:54.294938 [debug] [Thread-1 (]: SQL status: SUCCESS 0 in 0.0 seconds
[0m03:59:54.298932 [debug] [Thread-1 (]: Using mysql connection "model.my_dbt_project.dim_neighbourhoods"
[0m03:59:54.299934 [debug] [Thread-1 (]: On model.my_dbt_project.dim_neighbourhoods: /* {"app": "dbt", "dbt_version": "1.7.19", "profile_name": "my_dbt_profile", "target_name": "dev", "node_id": "model.my_dbt_project.dim_neighbourhoods"} */
drop table if exists `core`.`dim_neighbourhoods__dbt_backup`
[0m03:59:54.634600 [debug] [Thread-1 (]: SQL status: SUCCESS 0 in 0.0 seconds
[0m03:59:54.637597 [debug] [Thread-1 (]: Timing info for model.my_dbt_project.dim_neighbourhoods (execute): 03:59:51.087078 => 03:59:54.636599
[0m03:59:54.638600 [debug] [Thread-1 (]: On model.my_dbt_project.dim_neighbourhoods: Close
[0m03:59:54.640600 [debug] [Thread-1 (]: Sending event: {'category': 'dbt', 'action': 'run_model', 'label': 'f83a702d-a533-4904-95fa-c7279a66d756', 'context': [<snowplow_tracker.self_describing_json.SelfDescribingJson object at 0x000001DCA3FCCBF0>]}
[0m03:59:54.641600 [info ] [Thread-1 (]: 4 of 6 OK created sql table model core.dim_neighbourhoods ...................... [[32mSUCCESS 218[0m in 3.57s]
[0m03:59:54.644619 [debug] [Thread-1 (]: Finished running node model.my_dbt_project.dim_neighbourhoods
[0m03:59:54.646616 [debug] [Thread-1 (]: Began running node model.my_dbt_project.dim_room_types
[0m03:59:54.647612 [info ] [Thread-1 (]: 5 of 6 START sql table model core.dim_room_types ............................... [RUN]
[0m03:59:54.650616 [debug] [Thread-1 (]: Re-using an available connection from the pool (formerly model.my_dbt_project.dim_neighbourhoods, now model.my_dbt_project.dim_room_types)
[0m03:59:54.651618 [debug] [Thread-1 (]: Began compiling node model.my_dbt_project.dim_room_types
[0m03:59:54.657610 [debug] [Thread-1 (]: Writing injected SQL for node "model.my_dbt_project.dim_room_types"
[0m03:59:54.660606 [debug] [Thread-1 (]: Timing info for model.my_dbt_project.dim_room_types (compile): 03:59:54.652615 => 03:59:54.660606
[0m03:59:54.662604 [debug] [Thread-1 (]: Began executing node model.my_dbt_project.dim_room_types
[0m03:59:54.673605 [debug] [Thread-1 (]: Writing runtime sql for node "model.my_dbt_project.dim_room_types"
[0m03:59:54.676609 [debug] [Thread-1 (]: Using mysql connection "model.my_dbt_project.dim_room_types"
[0m03:59:54.677609 [debug] [Thread-1 (]: On model.my_dbt_project.dim_room_types: BEGIN
[0m03:59:54.678612 [debug] [Thread-1 (]: Opening a new connection, currently in state closed
[0m03:59:56.209198 [debug] [Thread-1 (]: SQL status: SUCCESS 0 in 2.0 seconds
[0m03:59:56.211195 [debug] [Thread-1 (]: Using mysql connection "model.my_dbt_project.dim_room_types"
[0m03:59:56.212188 [debug] [Thread-1 (]: On model.my_dbt_project.dim_room_types: /* {"app": "dbt", "dbt_version": "1.7.19", "profile_name": "my_dbt_profile", "target_name": "dev", "node_id": "model.my_dbt_project.dim_room_types"} */

  
    

  create  table
    `core`.`dim_room_types__dbt_tmp`
    
    
      as
    
    (
      

with distinct_room_type as (
select distinct
    room_type
from `staging`.`stg_listings`
)

select
    row_number() over (order by room_type) as id_room_type,
    room_type
from distinct_room_type
    )

  
[0m03:59:56.643210 [debug] [Thread-1 (]: SQL status: SUCCESS 3 in 0.0 seconds
[0m03:59:56.648197 [debug] [Thread-1 (]: Using mysql connection "model.my_dbt_project.dim_room_types"
[0m03:59:56.649199 [debug] [Thread-1 (]: On model.my_dbt_project.dim_room_types: /* {"app": "dbt", "dbt_version": "1.7.19", "profile_name": "my_dbt_profile", "target_name": "dev", "node_id": "model.my_dbt_project.dim_room_types"} */

    drop table if exists `core`.`dim_room_types` cascade
  
[0m03:59:56.982502 [debug] [Thread-1 (]: SQL status: SUCCESS 0 in 0.0 seconds
[0m03:59:56.984499 [debug] [Thread-1 (]: Using mysql connection "model.my_dbt_project.dim_room_types"
[0m03:59:56.985498 [debug] [Thread-1 (]: On model.my_dbt_project.dim_room_types: /* {"app": "dbt", "dbt_version": "1.7.19", "profile_name": "my_dbt_profile", "target_name": "dev", "node_id": "model.my_dbt_project.dim_room_types"} */

    rename table `core`.`dim_room_types__dbt_tmp` to `core`.`dim_room_types`
  
[0m03:59:57.336299 [debug] [Thread-1 (]: SQL status: SUCCESS 0 in 0.0 seconds
[0m03:59:57.341295 [debug] [Thread-1 (]: On model.my_dbt_project.dim_room_types: COMMIT
[0m03:59:57.342295 [debug] [Thread-1 (]: Using mysql connection "model.my_dbt_project.dim_room_types"
[0m03:59:57.343304 [debug] [Thread-1 (]: On model.my_dbt_project.dim_room_types: COMMIT
[0m03:59:57.676982 [debug] [Thread-1 (]: SQL status: SUCCESS 0 in 0.0 seconds
[0m03:59:57.683189 [debug] [Thread-1 (]: Using mysql connection "model.my_dbt_project.dim_room_types"
[0m03:59:57.684185 [debug] [Thread-1 (]: On model.my_dbt_project.dim_room_types: /* {"app": "dbt", "dbt_version": "1.7.19", "profile_name": "my_dbt_profile", "target_name": "dev", "node_id": "model.my_dbt_project.dim_room_types"} */
drop table if exists `core`.`dim_room_types__dbt_backup`
[0m03:59:58.017793 [debug] [Thread-1 (]: SQL status: SUCCESS 0 in 0.0 seconds
[0m03:59:58.019931 [debug] [Thread-1 (]: Timing info for model.my_dbt_project.dim_room_types (execute): 03:59:54.664609 => 03:59:58.019931
[0m03:59:58.020931 [debug] [Thread-1 (]: On model.my_dbt_project.dim_room_types: Close
[0m03:59:58.022931 [debug] [Thread-1 (]: Sending event: {'category': 'dbt', 'action': 'run_model', 'label': 'f83a702d-a533-4904-95fa-c7279a66d756', 'context': [<snowplow_tracker.self_describing_json.SelfDescribingJson object at 0x000001DCA3FCEDE0>]}
[0m03:59:58.023932 [info ] [Thread-1 (]: 5 of 6 OK created sql table model core.dim_room_types .......................... [[32mSUCCESS 3[0m in 3.37s]
[0m03:59:58.025935 [debug] [Thread-1 (]: Finished running node model.my_dbt_project.dim_room_types
[0m03:59:58.026931 [debug] [Thread-1 (]: Began running node model.my_dbt_project.fact_listings
[0m03:59:58.028943 [info ] [Thread-1 (]: 6 of 6 START sql table model core.fact_listings ................................ [RUN]
[0m03:59:58.029946 [debug] [Thread-1 (]: Re-using an available connection from the pool (formerly model.my_dbt_project.dim_room_types, now model.my_dbt_project.fact_listings)
[0m03:59:58.030948 [debug] [Thread-1 (]: Began compiling node model.my_dbt_project.fact_listings
[0m03:59:58.038950 [debug] [Thread-1 (]: Writing injected SQL for node "model.my_dbt_project.fact_listings"
[0m03:59:58.041939 [debug] [Thread-1 (]: Timing info for model.my_dbt_project.fact_listings (compile): 03:59:58.031944 => 03:59:58.040941
[0m03:59:58.042941 [debug] [Thread-1 (]: Began executing node model.my_dbt_project.fact_listings
[0m03:59:58.052937 [debug] [Thread-1 (]: Writing runtime sql for node "model.my_dbt_project.fact_listings"
[0m03:59:58.054939 [debug] [Thread-1 (]: Using mysql connection "model.my_dbt_project.fact_listings"
[0m03:59:58.055938 [debug] [Thread-1 (]: On model.my_dbt_project.fact_listings: BEGIN
[0m03:59:58.057935 [debug] [Thread-1 (]: Opening a new connection, currently in state closed
[0m03:59:59.736520 [debug] [Thread-1 (]: SQL status: SUCCESS 0 in 2.0 seconds
[0m03:59:59.737515 [debug] [Thread-1 (]: Using mysql connection "model.my_dbt_project.fact_listings"
[0m03:59:59.738511 [debug] [Thread-1 (]: On model.my_dbt_project.fact_listings: /* {"app": "dbt", "dbt_version": "1.7.19", "profile_name": "my_dbt_profile", "target_name": "dev", "node_id": "model.my_dbt_project.fact_listings"} */

  
    

  create  table
    `core`.`fact_listings__dbt_tmp`
    
    
      as
    
    (
      

with obt_data as (
    select * from `staging`.`stg_listings` 
), 

dimension_neighbourhoods as (
    select * from `core`.`dim_neighbourhoods`
),

dimension_room_type as (
    select * from `core`.`dim_room_types`
)

select 
    obt.listing_id,
    obt.host_id,
    obt.host_name,
    obt.price,
    obt.minimum_nights,
    obt.number_of_reviews,
    obt.last_review,
    obt.availability_365,
    dn.id_neighbourhood, -- Llave para unir con dim_neighbourhoods
    drt.id_room_type      -- Llave para unir con dim_room_types
from obt_data obt
left join dimension_neighbourhoods dn 
on obt.neighbourhood = dn.neighbourhood and obt.neighbourhood_group = dn.neighbourhood_group
left join dimension_room_type drt
on obt.room_type = drt.room_type
    )

  
[0m04:00:03.250961 [debug] [Thread-1 (]: SQL status: SUCCESS 38843 in 4.0 seconds
[0m04:00:03.256951 [debug] [Thread-1 (]: Using mysql connection "model.my_dbt_project.fact_listings"
[0m04:00:03.257949 [debug] [Thread-1 (]: On model.my_dbt_project.fact_listings: /* {"app": "dbt", "dbt_version": "1.7.19", "profile_name": "my_dbt_profile", "target_name": "dev", "node_id": "model.my_dbt_project.fact_listings"} */

    drop table if exists `core`.`fact_listings` cascade
  
[0m04:00:03.599004 [debug] [Thread-1 (]: SQL status: SUCCESS 0 in 0.0 seconds
[0m04:00:03.602007 [debug] [Thread-1 (]: Using mysql connection "model.my_dbt_project.fact_listings"
[0m04:00:03.603004 [debug] [Thread-1 (]: On model.my_dbt_project.fact_listings: /* {"app": "dbt", "dbt_version": "1.7.19", "profile_name": "my_dbt_profile", "target_name": "dev", "node_id": "model.my_dbt_project.fact_listings"} */

    rename table `core`.`fact_listings__dbt_tmp` to `core`.`fact_listings`
  
[0m04:00:03.975037 [debug] [Thread-1 (]: SQL status: SUCCESS 0 in 0.0 seconds
[0m04:00:03.978034 [debug] [Thread-1 (]: On model.my_dbt_project.fact_listings: COMMIT
[0m04:00:03.979034 [debug] [Thread-1 (]: Using mysql connection "model.my_dbt_project.fact_listings"
[0m04:00:03.980041 [debug] [Thread-1 (]: On model.my_dbt_project.fact_listings: COMMIT
[0m04:00:04.310580 [debug] [Thread-1 (]: SQL status: SUCCESS 0 in 0.0 seconds
[0m04:00:04.314574 [debug] [Thread-1 (]: Using mysql connection "model.my_dbt_project.fact_listings"
[0m04:00:04.315573 [debug] [Thread-1 (]: On model.my_dbt_project.fact_listings: /* {"app": "dbt", "dbt_version": "1.7.19", "profile_name": "my_dbt_profile", "target_name": "dev", "node_id": "model.my_dbt_project.fact_listings"} */
drop table if exists `core`.`fact_listings__dbt_backup`
[0m04:00:04.647033 [debug] [Thread-1 (]: SQL status: SUCCESS 0 in 0.0 seconds
[0m04:00:04.653028 [debug] [Thread-1 (]: Timing info for model.my_dbt_project.fact_listings (execute): 03:59:58.043935 => 04:00:04.652038
[0m04:00:04.654034 [debug] [Thread-1 (]: On model.my_dbt_project.fact_listings: Close
[0m04:00:04.658031 [debug] [Thread-1 (]: Sending event: {'category': 'dbt', 'action': 'run_model', 'label': 'f83a702d-a533-4904-95fa-c7279a66d756', 'context': [<snowplow_tracker.self_describing_json.SelfDescribingJson object at 0x000001DCA3D215E0>]}
[0m04:00:04.660030 [info ] [Thread-1 (]: 6 of 6 OK created sql table model core.fact_listings ........................... [[32mSUCCESS 38843[0m in 6.63s]
[0m04:00:04.663057 [debug] [Thread-1 (]: Finished running node model.my_dbt_project.fact_listings
[0m04:00:04.667043 [debug] [MainThread]: Using mysql connection "master"
[0m04:00:04.668051 [debug] [MainThread]: On master: BEGIN
[0m04:00:04.670043 [debug] [MainThread]: Opening a new connection, currently in state closed
[0m04:00:07.428919 [debug] [MainThread]: SQL status: SUCCESS 0 in 3.0 seconds
[0m04:00:07.430092 [debug] [MainThread]: On master: COMMIT
[0m04:00:07.430929 [debug] [MainThread]: Using mysql connection "master"
[0m04:00:07.431926 [debug] [MainThread]: On master: COMMIT
[0m04:00:07.766630 [debug] [MainThread]: SQL status: SUCCESS 0 in 0.0 seconds
[0m04:00:07.767626 [debug] [MainThread]: On master: Close
[0m04:00:07.769717 [debug] [MainThread]: Connection 'master' was properly closed.
[0m04:00:07.770717 [debug] [MainThread]: Connection 'create__core' was properly closed.
[0m04:00:07.770717 [debug] [MainThread]: Connection 'list_None_core' was properly closed.
[0m04:00:07.771716 [debug] [MainThread]: Connection 'model.my_dbt_project.fact_listings' was properly closed.
[0m04:00:07.772716 [info ] [MainThread]: 
[0m04:00:07.773719 [info ] [MainThread]: Finished running 2 view models, 1 incremental model, 3 table models in 0 hours 0 minutes and 52.77 seconds (52.77s).
[0m04:00:07.776720 [debug] [MainThread]: Command end result
[0m04:00:07.793967 [info ] [MainThread]: 
[0m04:00:07.795982 [info ] [MainThread]: [32mCompleted successfully[0m
[0m04:00:07.797970 [info ] [MainThread]: 
[0m04:00:07.799997 [info ] [MainThread]: Done. PASS=6 WARN=0 ERROR=0 SKIP=0 TOTAL=6
[0m04:00:07.802966 [debug] [MainThread]: Command `dbt run` succeeded at 04:00:07.801973 after 55.35 seconds
[0m04:00:07.803971 [debug] [MainThread]: Sending event: {'category': 'dbt', 'action': 'invocation', 'label': 'end', 'context': [<snowplow_tracker.self_describing_json.SelfDescribingJson object at 0x000001DCA2A7CE30>, <snowplow_tracker.self_describing_json.SelfDescribingJson object at 0x000001DCA27774A0>, <snowplow_tracker.self_describing_json.SelfDescribingJson object at 0x000001DCA231FEC0>]}
[0m04:00:07.804967 [debug] [MainThread]: Flushing usage events
[0m04:02:11.398760 [debug] [MainThread]: Sending event: {'category': 'dbt', 'action': 'invocation', 'label': 'start', 'context': [<snowplow_tracker.self_describing_json.SelfDescribingJson object at 0x0000024AD089AC00>, <snowplow_tracker.self_describing_json.SelfDescribingJson object at 0x0000024AD08997F0>, <snowplow_tracker.self_describing_json.SelfDescribingJson object at 0x0000024AD0898E00>]}


============================== 04:02:11.405754 | 460cfa1a-1427-489f-a728-b16eb028aa8d ==============================
[0m04:02:11.405754 [info ] [MainThread]: Running with dbt=1.7.19
[0m04:02:11.407763 [debug] [MainThread]: running dbt with arguments {'printer_width': '80', 'indirect_selection': 'eager', 'log_cache_events': 'False', 'write_json': 'True', 'partial_parse': 'True', 'cache_selected_only': 'False', 'warn_error': 'None', 'debug': 'False', 'fail_fast': 'False', 'log_path': 'C:\\Users\\tinch\\OneDrive\\Escritorio\\HENRY\\M3\\M3ProyectoIntegrador\\logs', 'version_check': 'True', 'profiles_dir': 'C:\\Users\\tinch\\.dbt', 'use_colors': 'True', 'use_experimental_parser': 'False', 'no_print': 'None', 'quiet': 'False', 'warn_error_options': 'WarnErrorOptions(include=[], exclude=[])', 'static_parser': 'True', 'introspect': 'True', 'invocation_command': 'dbt test', 'target_path': 'None', 'log_format': 'default', 'send_anonymous_usage_stats': 'True'}
[0m04:02:11.734558 [debug] [MainThread]: Sending event: {'category': 'dbt', 'action': 'project_id', 'label': '460cfa1a-1427-489f-a728-b16eb028aa8d', 'context': [<snowplow_tracker.self_describing_json.SelfDescribingJson object at 0x0000024AD04E3CB0>]}
[0m04:02:11.831543 [debug] [MainThread]: Sending event: {'category': 'dbt', 'action': 'adapter_info', 'label': '460cfa1a-1427-489f-a728-b16eb028aa8d', 'context': [<snowplow_tracker.self_describing_json.SelfDescribingJson object at 0x0000024AD0899970>]}
[0m04:02:11.832543 [info ] [MainThread]: Registered adapter: mysql=1.7.0
[0m04:02:11.848543 [debug] [MainThread]: checksum: a8d43cdff37d0f32d7fbe4c5c25bea4bb6c86e162f8ce8fdb1a38cdcf7495431, vars: {}, profile: , target: , version: 1.7.19
[0m04:02:11.934513 [debug] [MainThread]: Partial parsing enabled: 0 files deleted, 0 files added, 0 files changed.
[0m04:02:11.934513 [debug] [MainThread]: Partial parsing enabled, no changes found, skipping parsing
[0m04:02:11.943522 [debug] [MainThread]: Sending event: {'category': 'dbt', 'action': 'load_project', 'label': '460cfa1a-1427-489f-a728-b16eb028aa8d', 'context': [<snowplow_tracker.self_describing_json.SelfDescribingJson object at 0x0000024AD1BC3CE0>]}
[0m04:02:11.962516 [debug] [MainThread]: Sending event: {'category': 'dbt', 'action': 'resource_counts', 'label': '460cfa1a-1427-489f-a728-b16eb028aa8d', 'context': [<snowplow_tracker.self_describing_json.SelfDescribingJson object at 0x0000024AD1C353D0>]}
[0m04:02:11.963520 [info ] [MainThread]: Found 6 models, 9 tests, 2 sources, 0 exposures, 0 metrics, 376 macros, 0 groups, 0 semantic models
[0m04:02:11.964517 [debug] [MainThread]: Sending event: {'category': 'dbt', 'action': 'runnable_timing', 'label': '460cfa1a-1427-489f-a728-b16eb028aa8d', 'context': [<snowplow_tracker.self_describing_json.SelfDescribingJson object at 0x0000024AD0B29A60>]}
[0m04:02:11.970511 [info ] [MainThread]: 
[0m04:02:11.972515 [debug] [MainThread]: Acquiring new mysql connection 'master'
[0m04:02:11.975517 [debug] [ThreadPool]: Acquiring new mysql connection 'list_None_core'
[0m04:02:11.993519 [debug] [ThreadPool]: Using mysql connection "list_None_core"
[0m04:02:11.993519 [debug] [ThreadPool]: On list_None_core: BEGIN
[0m04:02:11.995525 [debug] [ThreadPool]: Opening a new connection, currently in state init
[0m04:02:13.686202 [debug] [ThreadPool]: SQL status: SUCCESS 0 in 2.0 seconds
[0m04:02:13.688211 [debug] [ThreadPool]: Using mysql connection "list_None_core"
[0m04:02:13.689201 [debug] [ThreadPool]: On list_None_core: /* {"app": "dbt", "dbt_version": "1.7.19", "profile_name": "my_dbt_profile", "target_name": "dev", "connection_name": "list_None_core"} */
select
      null as "database",
      table_name as name,
      table_schema as "schema",
      case when table_type = 'BASE TABLE' then 'table'
           when table_type = 'VIEW' then 'view'
           else table_type
      end as table_type
    from information_schema.tables
    where table_schema = 'core'
  
[0m04:02:14.027849 [debug] [ThreadPool]: SQL status: SUCCESS 4 in 0.0 seconds
[0m04:02:14.030849 [debug] [ThreadPool]: On list_None_core: ROLLBACK
[0m04:02:14.198356 [debug] [ThreadPool]: On list_None_core: Close
[0m04:02:14.201370 [debug] [ThreadPool]: Re-using an available connection from the pool (formerly list_None_core, now list_None_staging)
[0m04:02:14.206371 [debug] [ThreadPool]: Using mysql connection "list_None_staging"
[0m04:02:14.207364 [debug] [ThreadPool]: On list_None_staging: BEGIN
[0m04:02:14.207364 [debug] [ThreadPool]: Opening a new connection, currently in state closed
[0m04:02:15.736204 [debug] [ThreadPool]: SQL status: SUCCESS 0 in 2.0 seconds
[0m04:02:15.737218 [debug] [ThreadPool]: Using mysql connection "list_None_staging"
[0m04:02:15.738219 [debug] [ThreadPool]: On list_None_staging: /* {"app": "dbt", "dbt_version": "1.7.19", "profile_name": "my_dbt_profile", "target_name": "dev", "connection_name": "list_None_staging"} */
select
      null as "database",
      table_name as name,
      table_schema as "schema",
      case when table_type = 'BASE TABLE' then 'table'
           when table_type = 'VIEW' then 'view'
           else table_type
      end as table_type
    from information_schema.tables
    where table_schema = 'staging'
  
[0m04:02:16.074726 [debug] [ThreadPool]: SQL status: SUCCESS 2 in 0.0 seconds
[0m04:02:16.079086 [debug] [ThreadPool]: On list_None_staging: ROLLBACK
[0m04:02:16.245401 [debug] [ThreadPool]: On list_None_staging: Close
[0m04:02:16.249398 [debug] [MainThread]: Sending event: {'category': 'dbt', 'action': 'runnable_timing', 'label': '460cfa1a-1427-489f-a728-b16eb028aa8d', 'context': [<snowplow_tracker.self_describing_json.SelfDescribingJson object at 0x0000024AD0B2BFB0>]}
[0m04:02:16.251399 [debug] [MainThread]: Using mysql connection "master"
[0m04:02:16.252397 [debug] [MainThread]: On master: BEGIN
[0m04:02:16.253398 [debug] [MainThread]: Opening a new connection, currently in state init
[0m04:02:17.791314 [debug] [MainThread]: SQL status: SUCCESS 0 in 2.0 seconds
[0m04:02:17.792311 [debug] [MainThread]: On master: COMMIT
[0m04:02:17.793503 [debug] [MainThread]: Using mysql connection "master"
[0m04:02:17.795440 [debug] [MainThread]: On master: COMMIT
[0m04:02:18.131441 [debug] [MainThread]: SQL status: SUCCESS 0 in 0.0 seconds
[0m04:02:18.132455 [debug] [MainThread]: On master: Close
[0m04:02:18.134450 [info ] [MainThread]: Concurrency: 1 threads (target='dev')
[0m04:02:18.135455 [info ] [MainThread]: 
[0m04:02:18.142454 [debug] [Thread-1 (]: Began running node test.my_dbt_project.not_null_dim_cotizacion_dolar_cotizacion_en_pesos.1da7e4e546
[0m04:02:18.142454 [info ] [Thread-1 (]: 1 of 9 START test not_null_dim_cotizacion_dolar_cotizacion_en_pesos ............ [RUN]
[0m04:02:18.146640 [debug] [Thread-1 (]: Acquiring new mysql connection 'test.my_dbt_project.not_null_dim_cotizacion_dolar_cotizacion_en_pesos.1da7e4e546'
[0m04:02:18.147624 [debug] [Thread-1 (]: Began compiling node test.my_dbt_project.not_null_dim_cotizacion_dolar_cotizacion_en_pesos.1da7e4e546
[0m04:02:18.183626 [debug] [Thread-1 (]: Writing injected SQL for node "test.my_dbt_project.not_null_dim_cotizacion_dolar_cotizacion_en_pesos.1da7e4e546"
[0m04:02:18.186625 [debug] [Thread-1 (]: Timing info for test.my_dbt_project.not_null_dim_cotizacion_dolar_cotizacion_en_pesos.1da7e4e546 (compile): 04:02:18.148626 => 04:02:18.185626
[0m04:02:18.187618 [debug] [Thread-1 (]: Began executing node test.my_dbt_project.not_null_dim_cotizacion_dolar_cotizacion_en_pesos.1da7e4e546
[0m04:02:18.215625 [debug] [Thread-1 (]: Writing runtime sql for node "test.my_dbt_project.not_null_dim_cotizacion_dolar_cotizacion_en_pesos.1da7e4e546"
[0m04:02:18.218625 [debug] [Thread-1 (]: Using mysql connection "test.my_dbt_project.not_null_dim_cotizacion_dolar_cotizacion_en_pesos.1da7e4e546"
[0m04:02:18.219625 [debug] [Thread-1 (]: On test.my_dbt_project.not_null_dim_cotizacion_dolar_cotizacion_en_pesos.1da7e4e546: BEGIN
[0m04:02:18.219625 [debug] [Thread-1 (]: Opening a new connection, currently in state init
[0m04:02:19.879667 [debug] [Thread-1 (]: SQL status: SUCCESS 0 in 2.0 seconds
[0m04:02:19.881667 [debug] [Thread-1 (]: Using mysql connection "test.my_dbt_project.not_null_dim_cotizacion_dolar_cotizacion_en_pesos.1da7e4e546"
[0m04:02:19.882663 [debug] [Thread-1 (]: On test.my_dbt_project.not_null_dim_cotizacion_dolar_cotizacion_en_pesos.1da7e4e546: /* {"app": "dbt", "dbt_version": "1.7.19", "profile_name": "my_dbt_profile", "target_name": "dev", "node_id": "test.my_dbt_project.not_null_dim_cotizacion_dolar_cotizacion_en_pesos.1da7e4e546"} */
select
      count(*) as failures,
      case
        when count(*) <> 0 then 'true'
        else 'false'
      end as should_warn,
      case
        when count(*) <> 0 then 'true'
        else 'false'
      end as should_error
    from (
      
    
    



select cotizacion_en_pesos
from `core`.`dim_cotizacion_dolar`
where cotizacion_en_pesos is null



      
    ) dbt_internal_test
[0m04:02:20.220445 [debug] [Thread-1 (]: SQL status: SUCCESS 1 in 0.0 seconds
[0m04:02:20.223440 [debug] [Thread-1 (]: Timing info for test.my_dbt_project.not_null_dim_cotizacion_dolar_cotizacion_en_pesos.1da7e4e546 (execute): 04:02:18.187618 => 04:02:20.223440
[0m04:02:20.224439 [debug] [Thread-1 (]: On test.my_dbt_project.not_null_dim_cotizacion_dolar_cotizacion_en_pesos.1da7e4e546: ROLLBACK
[0m04:02:20.391358 [debug] [Thread-1 (]: On test.my_dbt_project.not_null_dim_cotizacion_dolar_cotizacion_en_pesos.1da7e4e546: Close
[0m04:02:20.394753 [info ] [Thread-1 (]: 1 of 9 PASS not_null_dim_cotizacion_dolar_cotizacion_en_pesos .................. [[32mPASS[0m in 2.25s]
[0m04:02:20.396742 [debug] [Thread-1 (]: Finished running node test.my_dbt_project.not_null_dim_cotizacion_dolar_cotizacion_en_pesos.1da7e4e546
[0m04:02:20.397740 [debug] [Thread-1 (]: Began running node test.my_dbt_project.not_null_dim_cotizacion_dolar_fecha.700d1a81b9
[0m04:02:20.398740 [info ] [Thread-1 (]: 2 of 9 START test not_null_dim_cotizacion_dolar_fecha .......................... [RUN]
[0m04:02:20.400745 [debug] [Thread-1 (]: Re-using an available connection from the pool (formerly test.my_dbt_project.not_null_dim_cotizacion_dolar_cotizacion_en_pesos.1da7e4e546, now test.my_dbt_project.not_null_dim_cotizacion_dolar_fecha.700d1a81b9)
[0m04:02:20.401744 [debug] [Thread-1 (]: Began compiling node test.my_dbt_project.not_null_dim_cotizacion_dolar_fecha.700d1a81b9
[0m04:02:20.408745 [debug] [Thread-1 (]: Writing injected SQL for node "test.my_dbt_project.not_null_dim_cotizacion_dolar_fecha.700d1a81b9"
[0m04:02:20.422753 [debug] [Thread-1 (]: Timing info for test.my_dbt_project.not_null_dim_cotizacion_dolar_fecha.700d1a81b9 (compile): 04:02:20.401744 => 04:02:20.420739
[0m04:02:20.423747 [debug] [Thread-1 (]: Began executing node test.my_dbt_project.not_null_dim_cotizacion_dolar_fecha.700d1a81b9
[0m04:02:20.428752 [debug] [Thread-1 (]: Writing runtime sql for node "test.my_dbt_project.not_null_dim_cotizacion_dolar_fecha.700d1a81b9"
[0m04:02:20.431754 [debug] [Thread-1 (]: Using mysql connection "test.my_dbt_project.not_null_dim_cotizacion_dolar_fecha.700d1a81b9"
[0m04:02:20.432753 [debug] [Thread-1 (]: On test.my_dbt_project.not_null_dim_cotizacion_dolar_fecha.700d1a81b9: BEGIN
[0m04:02:20.433755 [debug] [Thread-1 (]: Opening a new connection, currently in state closed
[0m04:02:21.961453 [debug] [Thread-1 (]: SQL status: SUCCESS 0 in 2.0 seconds
[0m04:02:21.962461 [debug] [Thread-1 (]: Using mysql connection "test.my_dbt_project.not_null_dim_cotizacion_dolar_fecha.700d1a81b9"
[0m04:02:21.964456 [debug] [Thread-1 (]: On test.my_dbt_project.not_null_dim_cotizacion_dolar_fecha.700d1a81b9: /* {"app": "dbt", "dbt_version": "1.7.19", "profile_name": "my_dbt_profile", "target_name": "dev", "node_id": "test.my_dbt_project.not_null_dim_cotizacion_dolar_fecha.700d1a81b9"} */
select
      count(*) as failures,
      case
        when count(*) <> 0 then 'true'
        else 'false'
      end as should_warn,
      case
        when count(*) <> 0 then 'true'
        else 'false'
      end as should_error
    from (
      
    
    



select fecha
from `core`.`dim_cotizacion_dolar`
where fecha is null



      
    ) dbt_internal_test
[0m04:02:22.302157 [debug] [Thread-1 (]: SQL status: SUCCESS 1 in 0.0 seconds
[0m04:02:22.307154 [debug] [Thread-1 (]: Timing info for test.my_dbt_project.not_null_dim_cotizacion_dolar_fecha.700d1a81b9 (execute): 04:02:20.424752 => 04:02:22.306157
[0m04:02:22.308157 [debug] [Thread-1 (]: On test.my_dbt_project.not_null_dim_cotizacion_dolar_fecha.700d1a81b9: ROLLBACK
[0m04:02:22.475746 [debug] [Thread-1 (]: On test.my_dbt_project.not_null_dim_cotizacion_dolar_fecha.700d1a81b9: Close
[0m04:02:22.479969 [info ] [Thread-1 (]: 2 of 9 PASS not_null_dim_cotizacion_dolar_fecha ................................ [[32mPASS[0m in 2.08s]
[0m04:02:22.481973 [debug] [Thread-1 (]: Finished running node test.my_dbt_project.not_null_dim_cotizacion_dolar_fecha.700d1a81b9
[0m04:02:22.483970 [debug] [Thread-1 (]: Began running node test.my_dbt_project.not_null_fact_listings_id_neighbourhood.af704e62f4
[0m04:02:22.485965 [info ] [Thread-1 (]: 3 of 9 START test not_null_fact_listings_id_neighbourhood ...................... [RUN]
[0m04:02:22.488971 [debug] [Thread-1 (]: Re-using an available connection from the pool (formerly test.my_dbt_project.not_null_dim_cotizacion_dolar_fecha.700d1a81b9, now test.my_dbt_project.not_null_fact_listings_id_neighbourhood.af704e62f4)
[0m04:02:22.489966 [debug] [Thread-1 (]: Began compiling node test.my_dbt_project.not_null_fact_listings_id_neighbourhood.af704e62f4
[0m04:02:22.502974 [debug] [Thread-1 (]: Writing injected SQL for node "test.my_dbt_project.not_null_fact_listings_id_neighbourhood.af704e62f4"
[0m04:02:22.506978 [debug] [Thread-1 (]: Timing info for test.my_dbt_project.not_null_fact_listings_id_neighbourhood.af704e62f4 (compile): 04:02:22.490967 => 04:02:22.505968
[0m04:02:22.507975 [debug] [Thread-1 (]: Began executing node test.my_dbt_project.not_null_fact_listings_id_neighbourhood.af704e62f4
[0m04:02:22.514970 [debug] [Thread-1 (]: Writing runtime sql for node "test.my_dbt_project.not_null_fact_listings_id_neighbourhood.af704e62f4"
[0m04:02:22.518972 [debug] [Thread-1 (]: Using mysql connection "test.my_dbt_project.not_null_fact_listings_id_neighbourhood.af704e62f4"
[0m04:02:22.519967 [debug] [Thread-1 (]: On test.my_dbt_project.not_null_fact_listings_id_neighbourhood.af704e62f4: BEGIN
[0m04:02:22.521969 [debug] [Thread-1 (]: Opening a new connection, currently in state closed
[0m04:02:24.065669 [debug] [Thread-1 (]: SQL status: SUCCESS 0 in 2.0 seconds
[0m04:02:24.066666 [debug] [Thread-1 (]: Using mysql connection "test.my_dbt_project.not_null_fact_listings_id_neighbourhood.af704e62f4"
[0m04:02:24.068675 [debug] [Thread-1 (]: On test.my_dbt_project.not_null_fact_listings_id_neighbourhood.af704e62f4: /* {"app": "dbt", "dbt_version": "1.7.19", "profile_name": "my_dbt_profile", "target_name": "dev", "node_id": "test.my_dbt_project.not_null_fact_listings_id_neighbourhood.af704e62f4"} */
select
      count(*) as failures,
      case
        when count(*) <> 0 then 'true'
        else 'false'
      end as should_warn,
      case
        when count(*) <> 0 then 'true'
        else 'false'
      end as should_error
    from (
      
    
    



select id_neighbourhood
from `core`.`fact_listings`
where id_neighbourhood is null



      
    ) dbt_internal_test
[0m04:02:24.426097 [debug] [Thread-1 (]: SQL status: SUCCESS 1 in 0.0 seconds
[0m04:02:24.431107 [debug] [Thread-1 (]: Timing info for test.my_dbt_project.not_null_fact_listings_id_neighbourhood.af704e62f4 (execute): 04:02:22.509972 => 04:02:24.430107
[0m04:02:24.432101 [debug] [Thread-1 (]: On test.my_dbt_project.not_null_fact_listings_id_neighbourhood.af704e62f4: ROLLBACK
[0m04:02:24.598099 [debug] [Thread-1 (]: On test.my_dbt_project.not_null_fact_listings_id_neighbourhood.af704e62f4: Close
[0m04:02:24.600286 [info ] [Thread-1 (]: 3 of 9 PASS not_null_fact_listings_id_neighbourhood ............................ [[32mPASS[0m in 2.11s]
[0m04:02:24.631104 [debug] [Thread-1 (]: Finished running node test.my_dbt_project.not_null_fact_listings_id_neighbourhood.af704e62f4
[0m04:02:24.633097 [debug] [Thread-1 (]: Began running node test.my_dbt_project.not_null_fact_listings_id_room_type.040c76420e
[0m04:02:24.635102 [info ] [Thread-1 (]: 4 of 9 START test not_null_fact_listings_id_room_type .......................... [RUN]
[0m04:02:24.642100 [debug] [Thread-1 (]: Re-using an available connection from the pool (formerly test.my_dbt_project.not_null_fact_listings_id_neighbourhood.af704e62f4, now test.my_dbt_project.not_null_fact_listings_id_room_type.040c76420e)
[0m04:02:24.644104 [debug] [Thread-1 (]: Began compiling node test.my_dbt_project.not_null_fact_listings_id_room_type.040c76420e
[0m04:02:24.661113 [debug] [Thread-1 (]: Writing injected SQL for node "test.my_dbt_project.not_null_fact_listings_id_room_type.040c76420e"
[0m04:02:24.665100 [debug] [Thread-1 (]: Timing info for test.my_dbt_project.not_null_fact_listings_id_room_type.040c76420e (compile): 04:02:24.645109 => 04:02:24.664102
[0m04:02:24.668103 [debug] [Thread-1 (]: Began executing node test.my_dbt_project.not_null_fact_listings_id_room_type.040c76420e
[0m04:02:24.690099 [debug] [Thread-1 (]: Writing runtime sql for node "test.my_dbt_project.not_null_fact_listings_id_room_type.040c76420e"
[0m04:02:24.694100 [debug] [Thread-1 (]: Using mysql connection "test.my_dbt_project.not_null_fact_listings_id_room_type.040c76420e"
[0m04:02:24.696099 [debug] [Thread-1 (]: On test.my_dbt_project.not_null_fact_listings_id_room_type.040c76420e: BEGIN
[0m04:02:24.698101 [debug] [Thread-1 (]: Opening a new connection, currently in state closed
[0m04:02:27.387107 [debug] [Thread-1 (]: SQL status: SUCCESS 0 in 3.0 seconds
[0m04:02:27.388105 [debug] [Thread-1 (]: Using mysql connection "test.my_dbt_project.not_null_fact_listings_id_room_type.040c76420e"
[0m04:02:27.389109 [debug] [Thread-1 (]: On test.my_dbt_project.not_null_fact_listings_id_room_type.040c76420e: /* {"app": "dbt", "dbt_version": "1.7.19", "profile_name": "my_dbt_profile", "target_name": "dev", "node_id": "test.my_dbt_project.not_null_fact_listings_id_room_type.040c76420e"} */
select
      count(*) as failures,
      case
        when count(*) <> 0 then 'true'
        else 'false'
      end as should_warn,
      case
        when count(*) <> 0 then 'true'
        else 'false'
      end as should_error
    from (
      
    
    



select id_room_type
from `core`.`fact_listings`
where id_room_type is null



      
    ) dbt_internal_test
[0m04:02:27.746841 [debug] [Thread-1 (]: SQL status: SUCCESS 1 in 0.0 seconds
[0m04:02:27.750842 [debug] [Thread-1 (]: Timing info for test.my_dbt_project.not_null_fact_listings_id_room_type.040c76420e (execute): 04:02:24.669102 => 04:02:27.749843
[0m04:02:27.751843 [debug] [Thread-1 (]: On test.my_dbt_project.not_null_fact_listings_id_room_type.040c76420e: ROLLBACK
[0m04:02:27.917911 [debug] [Thread-1 (]: On test.my_dbt_project.not_null_fact_listings_id_room_type.040c76420e: Close
[0m04:02:27.920910 [info ] [Thread-1 (]: 4 of 9 PASS not_null_fact_listings_id_room_type ................................ [[32mPASS[0m in 3.28s]
[0m04:02:27.921909 [debug] [Thread-1 (]: Finished running node test.my_dbt_project.not_null_fact_listings_id_room_type.040c76420e
[0m04:02:27.922911 [debug] [Thread-1 (]: Began running node test.my_dbt_project.not_null_stg_listings_last_review.17ab4ff1aa
[0m04:02:27.923907 [info ] [Thread-1 (]: 5 of 9 START test not_null_stg_listings_last_review ............................ [RUN]
[0m04:02:27.925909 [debug] [Thread-1 (]: Re-using an available connection from the pool (formerly test.my_dbt_project.not_null_fact_listings_id_room_type.040c76420e, now test.my_dbt_project.not_null_stg_listings_last_review.17ab4ff1aa)
[0m04:02:27.926906 [debug] [Thread-1 (]: Began compiling node test.my_dbt_project.not_null_stg_listings_last_review.17ab4ff1aa
[0m04:02:27.933906 [debug] [Thread-1 (]: Writing injected SQL for node "test.my_dbt_project.not_null_stg_listings_last_review.17ab4ff1aa"
[0m04:02:27.948826 [debug] [Thread-1 (]: Timing info for test.my_dbt_project.not_null_stg_listings_last_review.17ab4ff1aa (compile): 04:02:27.927908 => 04:02:27.947824
[0m04:02:27.949825 [debug] [Thread-1 (]: Began executing node test.my_dbt_project.not_null_stg_listings_last_review.17ab4ff1aa
[0m04:02:27.953819 [debug] [Thread-1 (]: Writing runtime sql for node "test.my_dbt_project.not_null_stg_listings_last_review.17ab4ff1aa"
[0m04:02:27.957825 [debug] [Thread-1 (]: Using mysql connection "test.my_dbt_project.not_null_stg_listings_last_review.17ab4ff1aa"
[0m04:02:27.958826 [debug] [Thread-1 (]: On test.my_dbt_project.not_null_stg_listings_last_review.17ab4ff1aa: BEGIN
[0m04:02:27.961013 [debug] [Thread-1 (]: Opening a new connection, currently in state closed
[0m04:02:29.494260 [debug] [Thread-1 (]: SQL status: SUCCESS 0 in 2.0 seconds
[0m04:02:29.495258 [debug] [Thread-1 (]: Using mysql connection "test.my_dbt_project.not_null_stg_listings_last_review.17ab4ff1aa"
[0m04:02:29.495258 [debug] [Thread-1 (]: On test.my_dbt_project.not_null_stg_listings_last_review.17ab4ff1aa: /* {"app": "dbt", "dbt_version": "1.7.19", "profile_name": "my_dbt_profile", "target_name": "dev", "node_id": "test.my_dbt_project.not_null_stg_listings_last_review.17ab4ff1aa"} */
select
      count(*) as failures,
      case
        when count(*) <> 0 then 'true'
        else 'false'
      end as should_warn,
      case
        when count(*) <> 0 then 'true'
        else 'false'
      end as should_error
    from (
      
    
    



select last_review
from `staging`.`stg_listings`
where last_review is null



      
    ) dbt_internal_test
[0m04:02:29.874925 [debug] [Thread-1 (]: SQL status: SUCCESS 1 in 0.0 seconds
[0m04:02:29.878760 [debug] [Thread-1 (]: Timing info for test.my_dbt_project.not_null_stg_listings_last_review.17ab4ff1aa (execute): 04:02:27.950818 => 04:02:29.878139
[0m04:02:29.879805 [debug] [Thread-1 (]: On test.my_dbt_project.not_null_stg_listings_last_review.17ab4ff1aa: ROLLBACK
[0m04:02:30.045144 [debug] [Thread-1 (]: On test.my_dbt_project.not_null_stg_listings_last_review.17ab4ff1aa: Close
[0m04:02:30.048153 [info ] [Thread-1 (]: 5 of 9 PASS not_null_stg_listings_last_review .................................. [[32mPASS[0m in 2.12s]
[0m04:02:30.049156 [debug] [Thread-1 (]: Finished running node test.my_dbt_project.not_null_stg_listings_last_review.17ab4ff1aa
[0m04:02:30.050149 [debug] [Thread-1 (]: Began running node test.my_dbt_project.relationships_fact_listings_id_neighbourhood__id_neighbourhood__ref_dim_neighbourhoods_.1a225eb692
[0m04:02:30.051150 [info ] [Thread-1 (]: 6 of 9 START test relationships_fact_listings_id_neighbourhood__id_neighbourhood__ref_dim_neighbourhoods_  [RUN]
[0m04:02:30.053155 [debug] [Thread-1 (]: Re-using an available connection from the pool (formerly test.my_dbt_project.not_null_stg_listings_last_review.17ab4ff1aa, now test.my_dbt_project.relationships_fact_listings_id_neighbourhood__id_neighbourhood__ref_dim_neighbourhoods_.1a225eb692)
[0m04:02:30.054149 [debug] [Thread-1 (]: Began compiling node test.my_dbt_project.relationships_fact_listings_id_neighbourhood__id_neighbourhood__ref_dim_neighbourhoods_.1a225eb692
[0m04:02:30.067150 [debug] [Thread-1 (]: Writing injected SQL for node "test.my_dbt_project.relationships_fact_listings_id_neighbourhood__id_neighbourhood__ref_dim_neighbourhoods_.1a225eb692"
[0m04:02:30.069160 [debug] [Thread-1 (]: Timing info for test.my_dbt_project.relationships_fact_listings_id_neighbourhood__id_neighbourhood__ref_dim_neighbourhoods_.1a225eb692 (compile): 04:02:30.054149 => 04:02:30.068159
[0m04:02:30.070168 [debug] [Thread-1 (]: Began executing node test.my_dbt_project.relationships_fact_listings_id_neighbourhood__id_neighbourhood__ref_dim_neighbourhoods_.1a225eb692
[0m04:02:30.073156 [debug] [Thread-1 (]: Writing runtime sql for node "test.my_dbt_project.relationships_fact_listings_id_neighbourhood__id_neighbourhood__ref_dim_neighbourhoods_.1a225eb692"
[0m04:02:30.075150 [debug] [Thread-1 (]: Using mysql connection "test.my_dbt_project.relationships_fact_listings_id_neighbourhood__id_neighbourhood__ref_dim_neighbourhoods_.1a225eb692"
[0m04:02:30.077166 [debug] [Thread-1 (]: On test.my_dbt_project.relationships_fact_listings_id_neighbourhood__id_neighbourhood__ref_dim_neighbourhoods_.1a225eb692: BEGIN
[0m04:02:30.078166 [debug] [Thread-1 (]: Opening a new connection, currently in state closed
[0m04:02:31.610638 [debug] [Thread-1 (]: SQL status: SUCCESS 0 in 2.0 seconds
[0m04:02:31.612629 [debug] [Thread-1 (]: Using mysql connection "test.my_dbt_project.relationships_fact_listings_id_neighbourhood__id_neighbourhood__ref_dim_neighbourhoods_.1a225eb692"
[0m04:02:31.613629 [debug] [Thread-1 (]: On test.my_dbt_project.relationships_fact_listings_id_neighbourhood__id_neighbourhood__ref_dim_neighbourhoods_.1a225eb692: /* {"app": "dbt", "dbt_version": "1.7.19", "profile_name": "my_dbt_profile", "target_name": "dev", "node_id": "test.my_dbt_project.relationships_fact_listings_id_neighbourhood__id_neighbourhood__ref_dim_neighbourhoods_.1a225eb692"} */
select
      count(*) as failures,
      case
        when count(*) <> 0 then 'true'
        else 'false'
      end as should_warn,
      case
        when count(*) <> 0 then 'true'
        else 'false'
      end as should_error
    from (
      
    
    

with child as (
    select id_neighbourhood as from_field
    from `core`.`fact_listings`
    where id_neighbourhood is not null
),

parent as (
    select id_neighbourhood as to_field
    from `core`.`dim_neighbourhoods`
)

select
    from_field

from child
left join parent
    on child.from_field = parent.to_field

where parent.to_field is null



      
    ) dbt_internal_test
[0m04:02:31.980989 [debug] [Thread-1 (]: SQL status: SUCCESS 1 in 0.0 seconds
[0m04:02:31.983983 [debug] [Thread-1 (]: Timing info for test.my_dbt_project.relationships_fact_listings_id_neighbourhood__id_neighbourhood__ref_dim_neighbourhoods_.1a225eb692 (execute): 04:02:30.070168 => 04:02:31.982983
[0m04:02:31.983983 [debug] [Thread-1 (]: On test.my_dbt_project.relationships_fact_listings_id_neighbourhood__id_neighbourhood__ref_dim_neighbourhoods_.1a225eb692: ROLLBACK
[0m04:02:32.150840 [debug] [Thread-1 (]: On test.my_dbt_project.relationships_fact_listings_id_neighbourhood__id_neighbourhood__ref_dim_neighbourhoods_.1a225eb692: Close
[0m04:02:32.152836 [info ] [Thread-1 (]: 6 of 9 PASS relationships_fact_listings_id_neighbourhood__id_neighbourhood__ref_dim_neighbourhoods_  [[32mPASS[0m in 2.10s]
[0m04:02:32.154839 [debug] [Thread-1 (]: Finished running node test.my_dbt_project.relationships_fact_listings_id_neighbourhood__id_neighbourhood__ref_dim_neighbourhoods_.1a225eb692
[0m04:02:32.155835 [debug] [Thread-1 (]: Began running node test.my_dbt_project.relationships_fact_listings_id_room_type__id_room_type__ref_dim_room_types_.8b09c48682
[0m04:02:32.156837 [info ] [Thread-1 (]: 7 of 9 START test relationships_fact_listings_id_room_type__id_room_type__ref_dim_room_types_  [RUN]
[0m04:02:32.157840 [debug] [Thread-1 (]: Re-using an available connection from the pool (formerly test.my_dbt_project.relationships_fact_listings_id_neighbourhood__id_neighbourhood__ref_dim_neighbourhoods_.1a225eb692, now test.my_dbt_project.relationships_fact_listings_id_room_type__id_room_type__ref_dim_room_types_.8b09c48682)
[0m04:02:32.158841 [debug] [Thread-1 (]: Began compiling node test.my_dbt_project.relationships_fact_listings_id_room_type__id_room_type__ref_dim_room_types_.8b09c48682
[0m04:02:32.167835 [debug] [Thread-1 (]: Writing injected SQL for node "test.my_dbt_project.relationships_fact_listings_id_room_type__id_room_type__ref_dim_room_types_.8b09c48682"
[0m04:02:32.169850 [debug] [Thread-1 (]: Timing info for test.my_dbt_project.relationships_fact_listings_id_room_type__id_room_type__ref_dim_room_types_.8b09c48682 (compile): 04:02:32.159835 => 04:02:32.168835
[0m04:02:32.170852 [debug] [Thread-1 (]: Began executing node test.my_dbt_project.relationships_fact_listings_id_room_type__id_room_type__ref_dim_room_types_.8b09c48682
[0m04:02:32.174847 [debug] [Thread-1 (]: Writing runtime sql for node "test.my_dbt_project.relationships_fact_listings_id_room_type__id_room_type__ref_dim_room_types_.8b09c48682"
[0m04:02:32.176845 [debug] [Thread-1 (]: Using mysql connection "test.my_dbt_project.relationships_fact_listings_id_room_type__id_room_type__ref_dim_room_types_.8b09c48682"
[0m04:02:32.177842 [debug] [Thread-1 (]: On test.my_dbt_project.relationships_fact_listings_id_room_type__id_room_type__ref_dim_room_types_.8b09c48682: BEGIN
[0m04:02:32.178844 [debug] [Thread-1 (]: Opening a new connection, currently in state closed
[0m04:02:33.870650 [debug] [Thread-1 (]: SQL status: SUCCESS 0 in 2.0 seconds
[0m04:02:33.871645 [debug] [Thread-1 (]: Using mysql connection "test.my_dbt_project.relationships_fact_listings_id_room_type__id_room_type__ref_dim_room_types_.8b09c48682"
[0m04:02:33.873646 [debug] [Thread-1 (]: On test.my_dbt_project.relationships_fact_listings_id_room_type__id_room_type__ref_dim_room_types_.8b09c48682: /* {"app": "dbt", "dbt_version": "1.7.19", "profile_name": "my_dbt_profile", "target_name": "dev", "node_id": "test.my_dbt_project.relationships_fact_listings_id_room_type__id_room_type__ref_dim_room_types_.8b09c48682"} */
select
      count(*) as failures,
      case
        when count(*) <> 0 then 'true'
        else 'false'
      end as should_warn,
      case
        when count(*) <> 0 then 'true'
        else 'false'
      end as should_error
    from (
      
    
    

with child as (
    select id_room_type as from_field
    from `core`.`fact_listings`
    where id_room_type is not null
),

parent as (
    select id_room_type as to_field
    from `core`.`dim_room_types`
)

select
    from_field

from child
left join parent
    on child.from_field = parent.to_field

where parent.to_field is null



      
    ) dbt_internal_test
[0m04:02:34.237865 [debug] [Thread-1 (]: SQL status: SUCCESS 1 in 0.0 seconds
[0m04:02:34.241859 [debug] [Thread-1 (]: Timing info for test.my_dbt_project.relationships_fact_listings_id_room_type__id_room_type__ref_dim_room_types_.8b09c48682 (execute): 04:02:32.170852 => 04:02:34.240860
[0m04:02:34.242872 [debug] [Thread-1 (]: On test.my_dbt_project.relationships_fact_listings_id_room_type__id_room_type__ref_dim_room_types_.8b09c48682: ROLLBACK
[0m04:02:34.413159 [debug] [Thread-1 (]: On test.my_dbt_project.relationships_fact_listings_id_room_type__id_room_type__ref_dim_room_types_.8b09c48682: Close
[0m04:02:34.415155 [info ] [Thread-1 (]: 7 of 9 PASS relationships_fact_listings_id_room_type__id_room_type__ref_dim_room_types_  [[32mPASS[0m in 2.26s]
[0m04:02:34.416157 [debug] [Thread-1 (]: Finished running node test.my_dbt_project.relationships_fact_listings_id_room_type__id_room_type__ref_dim_room_types_.8b09c48682
[0m04:02:34.417155 [debug] [Thread-1 (]: Began running node test.my_dbt_project.unique_dim_cotizacion_dolar_fecha.f17302c9f5
[0m04:02:34.418155 [info ] [Thread-1 (]: 8 of 9 START test unique_dim_cotizacion_dolar_fecha ............................ [RUN]
[0m04:02:34.419157 [debug] [Thread-1 (]: Re-using an available connection from the pool (formerly test.my_dbt_project.relationships_fact_listings_id_room_type__id_room_type__ref_dim_room_types_.8b09c48682, now test.my_dbt_project.unique_dim_cotizacion_dolar_fecha.f17302c9f5)
[0m04:02:34.420164 [debug] [Thread-1 (]: Began compiling node test.my_dbt_project.unique_dim_cotizacion_dolar_fecha.f17302c9f5
[0m04:02:34.433164 [debug] [Thread-1 (]: Writing injected SQL for node "test.my_dbt_project.unique_dim_cotizacion_dolar_fecha.f17302c9f5"
[0m04:02:34.439294 [debug] [Thread-1 (]: Timing info for test.my_dbt_project.unique_dim_cotizacion_dolar_fecha.f17302c9f5 (compile): 04:02:34.421160 => 04:02:34.438273
[0m04:02:34.440303 [debug] [Thread-1 (]: Began executing node test.my_dbt_project.unique_dim_cotizacion_dolar_fecha.f17302c9f5
[0m04:02:34.445308 [debug] [Thread-1 (]: Writing runtime sql for node "test.my_dbt_project.unique_dim_cotizacion_dolar_fecha.f17302c9f5"
[0m04:02:34.448288 [debug] [Thread-1 (]: Using mysql connection "test.my_dbt_project.unique_dim_cotizacion_dolar_fecha.f17302c9f5"
[0m04:02:34.449285 [debug] [Thread-1 (]: On test.my_dbt_project.unique_dim_cotizacion_dolar_fecha.f17302c9f5: BEGIN
[0m04:02:34.450279 [debug] [Thread-1 (]: Opening a new connection, currently in state closed
[0m04:02:36.051915 [debug] [Thread-1 (]: SQL status: SUCCESS 0 in 2.0 seconds
[0m04:02:36.052915 [debug] [Thread-1 (]: Using mysql connection "test.my_dbt_project.unique_dim_cotizacion_dolar_fecha.f17302c9f5"
[0m04:02:36.053912 [debug] [Thread-1 (]: On test.my_dbt_project.unique_dim_cotizacion_dolar_fecha.f17302c9f5: /* {"app": "dbt", "dbt_version": "1.7.19", "profile_name": "my_dbt_profile", "target_name": "dev", "node_id": "test.my_dbt_project.unique_dim_cotizacion_dolar_fecha.f17302c9f5"} */
select
      count(*) as failures,
      case
        when count(*) <> 0 then 'true'
        else 'false'
      end as should_warn,
      case
        when count(*) <> 0 then 'true'
        else 'false'
      end as should_error
    from (
      
    
    

select
    fecha as unique_field,
    count(*) as n_records

from `core`.`dim_cotizacion_dolar`
where fecha is not null
group by fecha
having count(*) > 1



      
    ) dbt_internal_test
[0m04:02:36.405363 [debug] [Thread-1 (]: SQL status: SUCCESS 1 in 0.0 seconds
[0m04:02:36.408350 [debug] [Thread-1 (]: Timing info for test.my_dbt_project.unique_dim_cotizacion_dolar_fecha.f17302c9f5 (execute): 04:02:34.441293 => 04:02:36.407349
[0m04:02:36.409543 [debug] [Thread-1 (]: On test.my_dbt_project.unique_dim_cotizacion_dolar_fecha.f17302c9f5: ROLLBACK
[0m04:02:36.583488 [debug] [Thread-1 (]: On test.my_dbt_project.unique_dim_cotizacion_dolar_fecha.f17302c9f5: Close
[0m04:02:36.586489 [info ] [Thread-1 (]: 8 of 9 PASS unique_dim_cotizacion_dolar_fecha .................................. [[32mPASS[0m in 2.17s]
[0m04:02:36.588491 [debug] [Thread-1 (]: Finished running node test.my_dbt_project.unique_dim_cotizacion_dolar_fecha.f17302c9f5
[0m04:02:36.590490 [debug] [Thread-1 (]: Began running node test.my_dbt_project.unique_stg_listings_listing_id.dd41b56440
[0m04:02:36.591490 [info ] [Thread-1 (]: 9 of 9 START test unique_stg_listings_listing_id ............................... [RUN]
[0m04:02:36.593494 [debug] [Thread-1 (]: Re-using an available connection from the pool (formerly test.my_dbt_project.unique_dim_cotizacion_dolar_fecha.f17302c9f5, now test.my_dbt_project.unique_stg_listings_listing_id.dd41b56440)
[0m04:02:36.595499 [debug] [Thread-1 (]: Began compiling node test.my_dbt_project.unique_stg_listings_listing_id.dd41b56440
[0m04:02:36.602489 [debug] [Thread-1 (]: Writing injected SQL for node "test.my_dbt_project.unique_stg_listings_listing_id.dd41b56440"
[0m04:02:36.605488 [debug] [Thread-1 (]: Timing info for test.my_dbt_project.unique_stg_listings_listing_id.dd41b56440 (compile): 04:02:36.595499 => 04:02:36.604491
[0m04:02:36.606489 [debug] [Thread-1 (]: Began executing node test.my_dbt_project.unique_stg_listings_listing_id.dd41b56440
[0m04:02:36.610493 [debug] [Thread-1 (]: Writing runtime sql for node "test.my_dbt_project.unique_stg_listings_listing_id.dd41b56440"
[0m04:02:36.615493 [debug] [Thread-1 (]: Using mysql connection "test.my_dbt_project.unique_stg_listings_listing_id.dd41b56440"
[0m04:02:36.617496 [debug] [Thread-1 (]: On test.my_dbt_project.unique_stg_listings_listing_id.dd41b56440: BEGIN
[0m04:02:36.618494 [debug] [Thread-1 (]: Opening a new connection, currently in state closed
[0m04:02:38.213520 [debug] [Thread-1 (]: SQL status: SUCCESS 0 in 2.0 seconds
[0m04:02:38.214529 [debug] [Thread-1 (]: Using mysql connection "test.my_dbt_project.unique_stg_listings_listing_id.dd41b56440"
[0m04:02:38.215525 [debug] [Thread-1 (]: On test.my_dbt_project.unique_stg_listings_listing_id.dd41b56440: /* {"app": "dbt", "dbt_version": "1.7.19", "profile_name": "my_dbt_profile", "target_name": "dev", "node_id": "test.my_dbt_project.unique_stg_listings_listing_id.dd41b56440"} */
select
      count(*) as failures,
      case
        when count(*) <> 0 then 'true'
        else 'false'
      end as should_warn,
      case
        when count(*) <> 0 then 'true'
        else 'false'
      end as should_error
    from (
      
    
    

select
    listing_id as unique_field,
    count(*) as n_records

from `staging`.`stg_listings`
where listing_id is not null
group by listing_id
having count(*) > 1



      
    ) dbt_internal_test
[0m04:02:38.648331 [debug] [Thread-1 (]: SQL status: SUCCESS 1 in 0.0 seconds
[0m04:02:38.650330 [debug] [Thread-1 (]: Timing info for test.my_dbt_project.unique_stg_listings_listing_id.dd41b56440 (execute): 04:02:36.606489 => 04:02:38.650330
[0m04:02:38.651330 [debug] [Thread-1 (]: On test.my_dbt_project.unique_stg_listings_listing_id.dd41b56440: ROLLBACK
[0m04:02:38.825818 [debug] [Thread-1 (]: On test.my_dbt_project.unique_stg_listings_listing_id.dd41b56440: Close
[0m04:02:38.828311 [info ] [Thread-1 (]: 9 of 9 PASS unique_stg_listings_listing_id ..................................... [[32mPASS[0m in 2.24s]
[0m04:02:38.830367 [debug] [Thread-1 (]: Finished running node test.my_dbt_project.unique_stg_listings_listing_id.dd41b56440
[0m04:02:38.832368 [debug] [MainThread]: Using mysql connection "master"
[0m04:02:38.833364 [debug] [MainThread]: On master: BEGIN
[0m04:02:38.834364 [debug] [MainThread]: Opening a new connection, currently in state closed
[0m04:02:41.512563 [debug] [MainThread]: SQL status: SUCCESS 0 in 3.0 seconds
[0m04:02:41.513562 [debug] [MainThread]: On master: COMMIT
[0m04:02:41.514560 [debug] [MainThread]: Using mysql connection "master"
[0m04:02:41.515563 [debug] [MainThread]: On master: COMMIT
[0m04:02:41.853064 [debug] [MainThread]: SQL status: SUCCESS 0 in 0.0 seconds
[0m04:02:41.854059 [debug] [MainThread]: On master: Close
[0m04:02:41.855059 [debug] [MainThread]: Connection 'master' was properly closed.
[0m04:02:41.856059 [debug] [MainThread]: Connection 'list_None_staging' was properly closed.
[0m04:02:41.857060 [debug] [MainThread]: Connection 'test.my_dbt_project.unique_stg_listings_listing_id.dd41b56440' was properly closed.
[0m04:02:41.858058 [info ] [MainThread]: 
[0m04:02:41.859063 [info ] [MainThread]: Finished running 9 tests in 0 hours 0 minutes and 29.89 seconds (29.89s).
[0m04:02:41.863057 [debug] [MainThread]: Command end result
[0m04:02:41.878074 [info ] [MainThread]: 
[0m04:02:41.879062 [info ] [MainThread]: [32mCompleted successfully[0m
[0m04:02:41.880066 [info ] [MainThread]: 
[0m04:02:41.882068 [info ] [MainThread]: Done. PASS=9 WARN=0 ERROR=0 SKIP=0 TOTAL=9
[0m04:02:41.885062 [debug] [MainThread]: Command `dbt test` succeeded at 04:02:41.884061 after 30.82 seconds
[0m04:02:41.886067 [debug] [MainThread]: Sending event: {'category': 'dbt', 'action': 'invocation', 'label': 'end', 'context': [<snowplow_tracker.self_describing_json.SelfDescribingJson object at 0x0000024AD055A6C0>, <snowplow_tracker.self_describing_json.SelfDescribingJson object at 0x0000024ACD57D1C0>, <snowplow_tracker.self_describing_json.SelfDescribingJson object at 0x0000024AD01FE780>]}
[0m04:02:41.887069 [debug] [MainThread]: Flushing usage events
